,car_id,pp_brand_id,pp_genre_id,pp_brand_name,left_behind,left_front
0,410002,15,930,宝马,1503210cbfc6cd71,1503970c7ee93971
1,50692,15,20026,宝马,15038920380a06f1,150364200b22e761
2,425561,15,90,宝马,150491fbec86ec01,150492fafca55f81
3,361251,15,96,宝马,150481526d0c4021,150469522c1ca671
4,392297,15,20027,宝马,150413ec9b0cb1c1,150472fecf235c51
5,428451,15,20027,宝马,150429222922b7c1,15043621e7530d01
6,421220,15,90,宝马,15046355acacdb21,1504275588cdf621
7,427927,15,90,宝马,1504897ceb9e4901,1504137cb9f11331
8,431915,15,90,宝马,150412906b36c561,150446904187b921
9,430157,15,90,宝马,1504280b00bf2a11,15049209ecaf0f71
10,433619,15,90,宝马,,
11,428783,15,20027,宝马,15045922255ab991,15042421cf932d01
12,434477,15,90,宝马,1504285c0e345ac1,1504595c5ca98831
13,425965,15,90,宝马,1504372fa62c5ad1,1504952f77809901
14,256687,15,20025,宝马,150461b1bccc4a41,150436b104563991
15,409000,15,90,宝马,150426e444130131,150414e4e573b581
16,415910,15,90,宝马,150497d7cde4b8b1,150447d7c61721a1
17,223298,15,91,宝马,15046000d56b8561,15043600a46edaf1
18,427831,15,90,宝马,150498201427b521,150423200b59b191
19,247644,15,20026,宝马,150527b5c3406441,150582b5b9782911
20,441543,15,20026,宝马,15052016ee27dff1,15058517234c3151
21,194256,15,20026,宝马,15052724101e9d51,15058423e86dc8d1
22,448344,15,20027,宝马,1505243f1968fc51,1505713edb1e5cd1
23,276242,15,20027,宝马,1505159cde6b5d71,1505359d27b702d1
24,300736,15,20027,宝马,15051924d58efba1,15051424aa50df71
25,425240,15,90,宝马,1505925a3e8dd6b1,1505735a37bdbe81
26,442054,15,96,宝马,,
27,193505,15,90,宝马,,
28,424202,15,90,宝马,150577118d642ee1,1505621185210e61
29,423814,15,20025,宝马,150519211ea0db31,150578216e97c9c1
30,447754,15,20027,宝马,150524b93ebeced1,150526b913383961
31,451696,15,96,宝马,150523039ca0be21,1505660360d2a6d1
32,463774,15,90,宝马,150587e6ab245b01,150579e67c2500b1
33,441430,15,20027,宝马,150582fd01ae0031,150582fcfa25beb1
34,454403,15,90,宝马,15057345fa6349c1,15052145ae2edc41
35,449810,15,20027,宝马,150596a0a0107751,150563a097294511
36,449324,15,20026,宝马,1506853a2cb78781,1506143a2302f961
37,465447,15,96,宝马,1506727d55511781,1506787d1507b171
38,432777,15,20026,宝马,15063172f613ea41,15069072bf841851
39,471540,15,20025,宝马,150693bfcf59f9d1,150686c005465b11
40,475716,15,90,宝马,1506712925090bb1,15067028dccf5bb1
41,456652,15,20027,宝马,150614dd54c1bbf1,150634dd42656031
42,131334,15,20026,宝马,,
43,441662,15,92,宝马,150612bb87a07c11,150688bbc65e1e61
44,485355,15,20162,宝马,1506669f49f0a681,1506589f8d425071
45,424414,15,90,宝马,150645edd69881b1,150673edfe2513d1
46,493270,15,20025,宝马,150681f027787031,150658f00f628281
47,210957,15,20026,宝马,15065312186fcbf1,1506960b87907ec1
48,479775,15,20027,宝马,1511360b69ad3a31,1511670b615c2be1
49,490828,15,20027,宝马,150632c0e4bc2f01,150654c0de4297f1
50,476211,15,96,宝马,150676f492841d41,150624f44678a321
51,492902,15,90,宝马,15065268a157d821,1506216890182881
52,500976,15,20027,宝马,150689ebffcf2da1,150672ebe0e81f01
53,513254,15,20025,宝马,15074261a18d3001,1507176182e59891
54,510038,15,90,宝马,15071971a163fa91,150744719a1c72e1
55,411212,15,20025,宝马,150721c7f1507621,150791c815c613a1
56,493485,15,20027,宝马,1507903f6d729971,1507243f45b558b1
57,492964,15,96,宝马,150782a655c17831,150749a647a53011
58,489737,15,472,宝马,150782784a2b4971,1507507841444a31
59,540056,15,90,宝马,1507213ff072aa41,1507153fc8e78f51
60,120646,15,90,宝马,15076105104c6361,150791050af12001
61,540475,15,90,宝马,15079581f8e2ef91,15077281f2be2571
62,545738,15,92,宝马,150772c78f64bcb1,150742c75a6e4381
63,546419,15,90,宝马,150867839e8fc071,15088483bb62e011
64,424565,15,20027,宝马,150878dc23ea79c1,150848dc00f1a381
65,473967,15,90,宝马,1508282b6362d581,1508282b478a7441
66,558707,15,20162,宝马,150893679e53fc61,150818640fcd8b01
67,564440,15,90,宝马,1508366ad92043c1,1508976aede99b31
68,480140,15,20025,宝马,150833ac40950861,150823e873a55361
69,523405,15,20025,宝马,150827714e027021,1508537149dfaa91
70,533135,15,90,宝马,1508453bd0657a61,1508933b92baa701
71,509555,15,92,宝马,150869cb97095a01,150828cb937a40b1
72,594682,15,20026,宝马,150891de85086201,150844de43f0b451
73,533013,15,90,宝马,1508423b1811a941,1508523aec10b231
74,612832,15,20027,宝马,1508614a39eb4e31,1508384a31c7cd11
75,609556,15,90,宝马,1508194016a51eb1,1508523fd24d7c51
76,357839,15,482,宝马,150819b26e89f5b1,151067dd44551641
77,586318,15,90,宝马,15082789f134ebb1,15088189c973d351
78,501667,15,20025,宝马,150814a9adb4b311,150869a98f278c21
79,590917,15,90,宝马,150857ff58e2c9d1,150823ff3f43e821
80,528387,15,90,宝马,150854336dd6ed31,15084733650d69c1
81,513363,15,20027,宝马,15086578073c9961,15081877df8a5531
82,602687,15,20026,宝马,1508921524517e51,150875150152fbb1
83,615287,15,90,宝马,150954905502d7e1,15091890144e8b21
84,482307,15,96,宝马,150950aff8746991,150993afd9743f91
85,629806,15,20025,宝马,150935bab3ac2f11,150959baab3a9b01
86,528563,15,90,宝马,1509700e8af3c0e1,1509980e61001bb1
87,615160,15,90,宝马,15097732403c8b71,1509173291b765e1
88,649961,15,90,宝马,1509686d3aa0ce01,1509916d2c847da1
89,647790,15,20027,宝马,150930e713ec8161,150958e6fb3c9a61
90,615554,15,90,宝马,150987f90db05b01,150912f9080c0921
91,593049,15,20026,宝马,,
92,609879,15,90,宝马,150997b51929c371,150984b4fabfa321
93,663096,15,91,宝马,,
94,646966,15,90,宝马,150915e026709f01,150982dffcd52271
95,584733,15,90,宝马,1509855e1baf46f1,1509295dad7c6a91
96,69735,15,90,宝马,150915673d0e2761,15099266e8584c31
97,626434,15,20027,宝马,150974867fea83b1,150942864a36fac1
98,594115,15,90,宝马,15099477ac3cfbc1,15092977a6b785a1
99,491671,15,90,宝马,1509529ce3311901,1509279cd1a69461
100,580373,15,20025,宝马,150915dd227b6651,150915dd12e0c9e1
101,666188,15,20025,宝马,150995f23edbf1c1,150921f238b25361
102,656179,15,20027,宝马,1509871167166c91,150946116169d5f1
103,533633,15,90,宝马,1509525b31632e71,1509225b2c937c51
104,491367,15,20027,宝马,1509285d06368b31,1509745d06d27481
105,675461,15,90,宝马,1509377ef365fb81,1509327ec66be731
106,660472,15,20027,宝马,1509456e5a293d01,1509716e2c5363a1
107,662256,15,90,宝马,150990f9b6d04ae1,150985f9b07dcdd1
108,598608,15,20025,宝马,150969ff09ce3781,150939ff033cb791
109,609814,15,96,宝马,150979257c160061,1509402572a6ed91
110,663813,15,90,宝马,150927402a9b4771,150927400e48a311
111,613667,15,20025,宝马,1509873a47354651,1509493a3a9ebda1
112,665768,15,90,宝马,1509322d70576231,1509802d6909ed01
113,665816,15,90,宝马,150946455be88121,150989451d2c5001
114,642820,15,90,宝马,150998557ee09a21,1509245563a3df01
115,546758,15,96,宝马,1509166510622aa1,15091564ed683241
116,669067,15,90,宝马,15096969dc52f0f1,15097969d3c542b1
117,659923,15,90,宝马,151054bf5d03ae21,151039bf35a0b5c1
118,218678,15,90,宝马,151021d377a48701,151085d34e30dab1
119,664577,15,90,宝马,151042dcf6acffd1,151059dcf20f15a1
120,681181,15,96,宝马,1510351fdb136a91,1510661fae673f01
121,667665,15,90,宝马,15105046857b5f61,1510314622e6e091
122,670939,15,92,宝马,1510194b22d7ab11,1510214ae543da11
123,606119,15,90,宝马,1510849aa23b08a1,15102699df014941
124,685055,15,20026,宝马,151034bfc680aa11,151047bf9539a021
125,601640,15,476,宝马,1510276b2e13f821,1510316b003d1ef1
126,667263,15,20026,宝马,151055641a07afe1,1510226410ab1631
127,693768,15,91,宝马,1510688b371d1951,1510738b33223821
128,695452,15,92,宝马,1510725ef3ef5cd1,1510425ef06888a1
129,687593,15,92,宝马,1510807eabb60871,1510217ea4e0f8d1
130,692463,15,20025,宝马,15107237bd892fa1,151067379ed65271
131,695880,15,92,宝马,15104857517486e1,151035574cb62221
132,362375,15,90,宝马,151063e24fe898c1,151062e1f4d6d051
133,617986,15,20026,宝马,1510169028208641,1510968fe52fbc31
134,681096,15,20025,宝马,15105842982db481,1510124277eb4311
135,680430,15,20026,宝马,15104081f464a021,15109181efe7a111
136,685470,15,20162,宝马,151060a016bf73c1,151012a00e6a59d1
137,690188,15,90,宝马,151062dd7c9d0121,151075dd76e87d01
138,690612,15,90,宝马,1510209e024afbc1,1510759ddca7dd91
139,697228,15,20025,宝马,15106814323205f1,1510201462717351
140,490577,15,472,宝马,15108744dba41151,15109544d311f6f1
141,690594,15,20026,宝马,15107757e8adfed1,15108657deebdf21
142,524700,15,20027,宝马,151084679d72ef21,15103867536e34e1
143,399026,15,90,宝马,151039884623f531,151067882c82a9b1
144,630438,15,20025,宝马,1510568f14384d31,1510868edab8e7b1
145,676862,15,20026,宝马,151089dbf6698c71,151049dbc58d1b31
146,704585,15,20025,宝马,151082cb4ab4ee71,151069cb3ebfe171
147,687836,15,20026,宝马,1510484541057ee1,151085458a4638d1
148,569814,15,20025,宝马,15101576446367d1,15105776d2c7ffe1
149,706462,15,20026,宝马,1511536fbc6caac1,1511976f847c4251
150,545374,15,20027,宝马,1511871b28f15b61,1511431b0fe7a471
151,400850,15,20027,宝马,151169209bba19f1,15113020904962f1
152,502859,15,92,宝马,1511217a3f082dd1,1511587a39523a51
153,534639,15,20025,宝马,1511846ea5b5c131,1511506e67daf2c1
154,694548,15,20025,宝马,151177328c0cc071,15115031de666411
155,686494,15,91,宝马,151134412ababcd1,1511574123463571
156,622285,15,90,宝马,15119160be2a0401,15111660ae123341
157,667924,15,90,宝马,151182b08cb2ce71,151152b086447571
158,584340,15,20025,宝马,151175f9f41ba601,151119f967a75c81
159,677649,15,2519,宝马,151192a236ad3631,151120a227f381a1
160,708543,15,20026,宝马,15115490cd0e1cf1,15117990c6ee4f81
161,713336,15,90,宝马,1511699b27000881,1511869b44687b31
162,701458,15,20026,宝马,151186f14c547711,151176f12a039151
163,709053,15,12610,宝马,1512780f41d2a8f1,1512630f7ae5ac31
164,716351,15,20025,宝马,151243422d2cb1b1,151297420e0ea4a1
165,463967,15,20026,宝马,15127590806804b1,151299905e3a9ad1
166,568938,15,90,宝马,15122576727172f1,15122375909665f1
167,719785,15,20026,宝马,151268e59deb72e1,151212e57edaf291
168,712581,15,20026,宝马,1512744eaed9ad91,1512274e873877e1
169,699402,15,20026,宝马,151279675784a601,151222674ca601c1
170,720771,15,20026,宝马,151236a98d5563b1,151257a973c8d451
171,612773,15,20026,宝马,151214af3e2bd571,151292af70bdd491
172,719227,15,90,宝马,151268d07c408cd1,151266d0521127d1
173,592921,15,20027,宝马,1601839fe2e51311,1601369faacbdc21
174,720095,15,90,宝马,1601952a78aecf01,1601772a647006f1
175,715964,15,90,宝马,1601810450e744c1,160120042aa032f1
176,714924,15,90,宝马,1601106c5be154f1,1601956bf6de3ad1
177,712999,15,90,宝马,160127ee2d7c75b1,160182ee251c43e1
178,723300,15,482,宝马,160370c7a917ac51,160316c7a21b78e1
179,719744,15,20027,宝马,160117f11f6cb8e1,160119fddad58f81
180,724919,15,20027,宝马,160119f970ada801,160122f96d471bd1
181,119662,15,90,宝马,160142614f2b56b1,1601906146478f31
182,442543,15,90,宝马,1601649b77788091,1601309bb3234a41
183,721803,15,90,宝马,1601199cf444aff1,1601839cd1249661
184,475680,15,20025,宝马,16021520cb91c691,16023720a25f2f91
185,664317,15,20026,宝马,160265611575d661,16029560db735db1
186,725828,15,472,宝马,160260d6c38f4291,160258d6794841d1
187,723667,15,20026,宝马,160274cdacce7771,160221cda7467271
188,214704,15,90,宝马,1602251553ced421,160271154df1dc31
189,713141,15,20027,宝马,1602262af397e3e1,1602492ace639b61
190,256904,15,20162,宝马,160275543b1e0d71,1602195428f32ae1
191,726470,15,20026,宝马,160253642f04c0a1,1602766406546011
192,724942,15,20026,宝马,160250aadeae2391,160224aad8097171
193,687842,15,20026,宝马,160264e52af3f861,160240e515c45ff1
194,187215,15,90,宝马,,
195,723424,15,20026,宝马,16023831afccbdd1,1602713174cf0bb1
196,727308,15,20027,宝马,1602579544e7dd71,16026795293627e1
197,712600,15,20025,宝马,160254dd31990391,160224dd2a6a3b91
198,721440,15,20027,宝马,160215acac8e4a21,160267ac91d35571
199,726566,15,20026,宝马,160229d746ae5af1,160262d6f86ed461
200,542802,15,20026,宝马,16022042af742af1,1602634298d37801
201,400563,15,20026,宝马,1603383464af13f1,16034334450d5a81
202,728272,15,20026,宝马,1603465ada778a41,1603605ad4e4b491
203,723410,15,20026,宝马,1603677f58eb4311,1603547f54cb1eb1
204,722916,15,20026,宝马,160358f0c9ee4b71,160369f092f2f1f1
205,721014,15,20026,宝马,16035087556757c1,16037787394469f1
206,719913,15,472,宝马,1603330ade1e4771,1603250a7872a0b1
207,734296,15,20025,宝马,1603490fa841e7d1,1603920f86b74e51
208,49977,15,20026,宝马,1603593d8cec6401,1603313cb3673d91
209,734026,15,20026,宝马,160333b05ea2e271,160398b057a5ae01
210,734243,15,20025,宝马,160316b20d0b3441,160365b1c7c0a811
211,728715,15,20025,宝马,160360e712332e31,160382e6f06ce481
212,672491,15,20025,宝马,16031640c2c895e1,160381409138e1c1
213,734951,15,90,宝马,160311ff0dc2d5d1,160399ff09285fe1
214,589612,15,20026,宝马,160316396bacfba1,160371393fbfd541
215,733731,15,90,宝马,1603885cc422b611,1603385c8fe6ed51
216,730482,15,90,宝马,160397516cdcf2d1,160370513e352551
217,734322,15,90,宝马,1603307045ba0c71,160339703fa0cba1
218,722472,15,20026,宝马,160344dd9da877c1,160389dd7f5846b1
219,184540,15,90,宝马,1603784f199fa091,1603254ef0956861
220,735838,15,20025,宝马,160421573b315d01,1604925717f33c61
221,737870,15,20026,宝马,1604736cda0b80a1,1604816cd361c171
222,726488,15,90,宝马,1604955a27934ad1,1604435a18592441
223,735587,15,20026,宝马,,
224,713559,15,20026,宝马,160428098fe84b61,16049009181ad741
225,738529,15,20025,宝马,160436e0a7328541,160478e08f51ad71
226,515785,15,90,宝马,1604206e5ef3b211,1604936e36507941
227,729888,15,90,宝马,1604557a1a1def11,16044479fd140241
228,740533,15,20026,宝马,160446f4087cce01,160471f3e579fba1
229,573389,15,20026,宝马,16049550edd03561,160429511f6d0aa1
230,737947,15,20025,宝马,1604598bac316381,1604468ba3158c91
231,726881,15,90,宝马,160480e31dd45b51,160469e2ffa87fe1
232,719945,15,20026,宝马,160447f6873346c1,160432f7164ec8f1
233,620608,15,20027,宝马,1604260f8ba31c81,16041114b79ea7b1
234,740002,15,20027,宝马,16044153ca76eb61,16048853bc85fd01
235,733116,15,20026,宝马,16044688e50b20b1,16049488e354b2a1
236,740975,15,20026,宝马,160480e97e439921,160462e96394c1c1
237,456294,15,90,宝马,1604521ac8943061,1604200ebee0c271
238,738998,15,20026,宝马,160567d553a40041,160531d54e7118d1
239,739433,15,20162,宝马,16052834cb9852e1,1605893b8f5a0001
240,745226,15,90,宝马,160526e742c3ce41,160544e705560d11
241,707363,15,20026,宝马,160592464ed4ff41,1605404648c43531
242,724218,15,90,宝马,160530bdae85dba1,160529bd89eb2c11
243,704858,15,90,宝马,160544831b774cf1,16053883173cfd81
244,737234,15,90,宝马,160598a42f6759d1,160590a4047bf081
245,723922,15,90,宝马,1605946cb9ba83e1,1605876ca9d6cf91
246,722812,15,90,宝马,160562ecdf1312b1,160522ecd2da53b1
247,724449,15,90,宝马,160592029ecebb11,160511020eefde01
248,734758,15,20026,宝马,1605734822dfde81,160597481b12e1e1
249,725375,15,90,宝马,16052161e4cb7fa1,16055061d942e141
250,741501,15,20026,宝马,16056774bbcaef31,16056874d66d54f1
251,741303,15,20026,宝马,160538945f1cb5f1,160549948cc5a5e1
252,743514,15,20026,宝马,160548d5605df711,160570d55754e2b1
253,746647,15,90,宝马,160566e07d804071,160560e09d6f1bf1
254,732918,15,90,宝马,16058804a4353231,160567049a484211
255,744985,15,90,宝马,160587bcb901c061,160588bcd704b841
256,747285,15,96,宝马,160586b9b45b9401,160530b97d696351
257,746518,15,20026,宝马,160579eb72430611,160542eb73d66491
258,747413,15,20026,宝马,1605152895bc4e61,1605242873b453f1
259,720627,15,20027,宝马,160562758adf0e11,16052175252020e1
260,717765,15,1081,宝马,160512259c9cc661,16059425962bdd91
261,604946,15,96,宝马,1605912ccd797781,1605822c7e25ec21
262,748740,15,20027,宝马,16053145c1cf0bf1,16058945a3be8ce1
263,746905,15,90,宝马,1605705681933111,16056557ed35adb1
264,723392,15,90,宝马,1605236988d46b11,160576712dad7781
265,748987,15,20027,宝马,16052691496543a1,1605799111f0ec61
266,748293,15,90,宝马,160511c6c2910291,160543c709e36241
267,745803,15,20027,宝马,1605490815b65b11,16056307f80394f1
268,748012,15,20026,宝马,16051722154494f1,16059121fc030581
269,748078,15,20025,宝马,1605122280530e91,160517225ecee041
270,396212,15,20026,宝马,16067131a554a6c1,160641326aec0a01
271,690362,15,20027,宝马,160687738ac50c61,1606707371e69dc1
272,749402,15,90,宝马,160633bdc4955b81,160687bd9eae5441
273,721888,15,96,宝马,160668c5b8275f91,160658c5adc4c2c1
274,750220,15,20026,宝马,1606992224504ab1,160611235a3c10b1
275,750262,15,96,宝马,1606584c959d6301,1606134c90931c91
276,747665,15,90,宝马,16062395f18a7951,16069595e9dae3c1
277,744549,15,90,宝马,16062830d1ecbd41,16064030c8593e71
278,750181,15,20025,宝马,1606165df9311ba1,1606805dc1bb9461
279,739528,15,20026,宝马,160652660f150d41,16068266348b9331
280,224432,15,20027,宝马,160696cb8be16a11,160667cadad0fe81
281,749140,15,20026,宝马,160618112a7c1841,1606731145590401
282,749890,15,20025,宝马,1606389926600771,160631990f690d01
283,740443,15,90,宝马,16068194b3f41f01,16066294acb454a1
284,726120,15,1081,宝马,160632b75d8ad321,160691b75377a881
285,752874,15,20026,宝马,1606192e2e965721,1606882e1adbc691
286,596369,15,92,宝马,1606463b3523a131,1606503b3b8b8021
287,751971,15,20027,宝马,160677722fad1511,160627721c9d6551
288,526050,15,92,宝马,160636a2ea56d971,160633a2d1a90cb1
289,753554,15,92,宝马,1606498870e36691,1606538866c94281
290,735815,15,20026,宝马,1606432ce9d1dc51,1606762ce4a39751
291,753830,15,90,宝马,16063771988872c1,16063271714f56e1
292,749043,15,90,宝马,160689bea2d10641,160663be8b83e7e1
293,755366,15,20027,宝马,160730ed6b14c411,160711ed5d3d2451
294,755033,15,90,宝马,160718f9aae36b41,160712f9882fee71
295,753894,15,90,宝马,1607871aa7930be1,1607371ac46c2431
296,753986,15,20025,宝马,1607771fa9966f51,1607721f92dcb441
297,755542,15,90,宝马,160760d80f5476d1,160765d80a1fb6b1
298,756188,15,92,宝马,1607386be4822231,1607426bff7becf1
299,754200,15,474,宝马,160713c3a3c2d8f1,160721c379936251
300,755775,15,20027,宝马,160727b61a7382f1,160798b61d4e6c91
301,755458,15,20026,宝马,160720b68e06cff1,160799b67ec2a681
302,755078,15,472,宝马,160746f09da6abf1,160723f025aa3a61
303,724303,15,20027,宝马,16071144b1cf2e61,16076544adbb0701
304,752083,15,20025,宝马,160764b7832899d1,160773b74d804171
305,756520,15,90,宝马,1607550eb16c9cd1,1607770e90a89891
306,753486,15,90,宝马,16073251d8a32da1,16072351d248c901
307,757716,15,20026,宝马,1607915d2587f701,1607715d0aeed441
308,757762,15,20026,宝马,160712c3554c8fb1,160718c31b60c2f1
309,757347,15,20025,宝马,16076105aac40d11,16078905a039a751
310,756538,15,90,宝马,160781b24acf2731,160796b2468009a1
311,750112,15,90,宝马,16075135770337d1,160756358d9c85f1
312,733254,15,90,宝马,160713ecb18c6211,160711ecceba2a81
313,758790,15,96,宝马,1607791705c5d2e1,16074316e42f9ac1
314,16244,15,472,宝马,160722cfd346a091,160798cfcc002ef1
315,760411,15,20026,宝马,160753354b160121,16074435710c4d81
316,756173,15,20026,宝马,160786a1bea31c51,160737a1b54ccac1
317,758392,15,20026,宝马,160759aad0471a91,160737aab6885421
318,756078,15,90,宝马,1608310146e17431,16085600ea7d9fe1
319,727020,15,90,宝马,160847197b8fb981,16088419768269d1
320,674267,15,92,宝马,1608254655d5a271,160812460d59ee91
321,760935,15,20026,宝马,16083663a07d1db1,1608466387402961
322,759656,15,90,宝马,160863691ac02581,160878690fcaa491
323,54463,15,92,宝马,160861b171dc1911,160860b16bf3b341
324,761068,15,20027,宝马,16086242232dde31,160877421c6bcad1
325,753072,15,90,宝马,1608707eb3a58521,16082088091b30d1
326,760521,15,90,宝马,,
327,760712,15,90,宝马,1608222242ab4ba1,16085922202c2801
328,761130,15,482,宝马,160857b87f9dc101,160837b82909ff91
329,758815,15,92,宝马,1608751d6f485701,1608221d36004261
330,755967,15,20027,宝马,160833542ab2e421,16081352b38eba01
331,733700,15,20026,宝马,160891a302140b11,160872a2e8399c01
332,762661,15,90,宝马,160820ddbb8574a1,160811dd9b853141
333,761300,15,90,宝马,160852f1857f2c81,160858f168bec141
334,752452,15,20027,宝马,,
335,751096,15,20026,宝马,16081450b19a1d41,1608225048a93901
336,728403,15,91,宝马,160829b27caf15f1,160844b2798762b1
337,763863,15,482,宝马,160882fbd55dedf1,160853fc0ad64541
338,618065,15,96,宝马,160899dacdcbd941,160883db374a08f1
339,755760,15,20162,宝马,1608866cca2620e1,1608686ca2a61e41
340,766506,15,20026,宝马,1609492a4b0dc971,16098729fd7d14a1
341,751310,15,472,宝马,160966c189f24a11,160990c168913f21
342,762863,15,90,宝马,160938f439d95961,160994f4264110f1
343,767985,15,20026,宝马,160969dd16bd4741,160935dd01239181
344,738134,15,90,宝马,1609897e10450651,1609377e25eaeab1
345,760964,15,96,宝马,1609458799d54771,160973878fc17f41
346,762749,15,89,宝马,16092506dc403d21,16097406f6af4421
347,768487,15,92,宝马,160923370feb7131,16099836e4bc69a1
348,768302,15,482,宝马,160996791f07ef51,160949791c3be101
349,768793,15,91,宝马,160980b7bc2a8511,160957b7a64cc2b1
350,766588,15,20025,宝马,160966cb388dc3e1,160999cb23a0f541
351,768154,15,94,宝马,16099002c1ac19b1,160957f677904f01
352,726361,15,90,宝马,16098318696d9be1,160974184acd2281
353,750487,15,20026,宝马,160940165e615541,1609531654c6e311
354,769448,15,482,宝马,1609626554c62441,16095764f3aa9641
355,762609,15,20234,宝马,,1609269345c04ef1
356,769097,15,20026,宝马,16093915e02e5761,16092315d4da6261
357,766844,15,90,宝马,1609340f2e808781,1609180ec2e733b1
358,769400,15,90,宝马,1609586ec9703701,1609786ee2ad6991
359,768673,15,90,宝马,160933c1bb379951,160998c1eee8ad01
360,766886,15,20026,宝马,1609188bf83549d1,1609838c3ee2bb91
361,764326,15,2445,宝马,160939fb8de2f821,160978fbbf4ce101
362,767090,15,20027,宝马,1609244a583c0cf1,1609264a3b287cd1
363,770910,15,20026,宝马,160926cccdaf3671,160953ccb6705841
364,768112,15,1081,宝马,16098915a264e3c1,16095315ba61dd71
365,768910,15,92,宝马,1609736fa0b9ec21,1609516f9f6a1921
366,771330,15,1081,宝马,1609788f904f86c1,1609148f87646e31
367,769961,15,20025,宝马,16099114b5f35f81,16099714e6639e31
368,767821,15,20027,宝马,160947c6383b8621,160960c62f6d6f51
369,769668,15,90,宝马,1609570f16442d21,1609970f35ae5881
370,771097,15,90,宝马,1609162ed52ff161,1609802ecaaa5561
371,764033,15,89,宝马,16093743f75b80d1,16097943db584dc1
372,772410,15,90,宝马,160999571123f221,160934570b1a97d1
373,772463,15,20026,宝马,,
374,755641,15,20026,宝马,1609826ae16501a1,1609286a6a4e56c1
375,772105,15,20026,宝马,1609218f7dee9861,1609478f79195731
376,769542,15,472,宝马,160921ac5feb53f1,160989ac7724e5d1
377,770031,15,20026,宝马,160914d721ef67b1,160933d74c9783d1
378,772128,15,91,宝马,16102081d9d481c1,16101281d4f26d31
379,764070,15,472,宝马,161083b58386f841,161067b577ace771
380,770096,15,482,宝马,16106619ad0eb801,16109519aa6554a1
381,736212,15,90,宝马,1610882dd44a8811,1610242de6d0bc41
382,772047,15,90,宝马,1610226e3acf5621,1610246e27e430a1
383,119634,15,96,宝马,16103787d79b0361,16104487d5734fa1
384,774396,15,20026,宝马,161060fc60f0ba41,161097fc5aab4331
385,773584,15,20027,宝马,1610198cc3efe681,1610898cad124a21
386,774592,15,20026,宝马,161011ca64cbb191,161010ca623d3f31
387,772994,15,20027,宝马,161072fac6433601,161014fac3a2d311
388,685395,15,472,宝马,1610726f3a8eb021,1610996f334bae21
389,758672,15,20026,宝马,16105166257b4821,16109665ff6fc8e1
390,775375,15,20027,宝马,1610294d0bb83991,1610914c059d84a1
391,775360,15,20026,宝马,1610934f46f25541,1610424f232d18c1
392,776426,15,90,宝马,16106970fd109521,16102470d6434601
393,777306,15,96,宝马,,
394,775679,15,90,宝马,16104269d1586511,16105669aba7f381
395,773537,15,96,宝马,161018d5afe351f1,161076d5aa0523c1
396,774712,15,20026,宝马,161046d6f3c5c251,161057d6ee8e0011
397,752263,15,20026,宝马,161073615b6663e1,1610626153a76151
398,773345,15,20026,宝马,1610778affb34f31,1610768ad98cee41
399,777006,15,96,宝马,161030908f7406f1,161060903e938dd1
400,775437,15,20026,宝马,161073cd03b191f1,161059cce2b18ba1
401,778718,15,20026,宝马,1610614fb9335c71,1610275007e546a1
402,778005,15,90,宝马,,
403,773012,15,482,宝马,161139fc488c08a1,161160fc46550a11
404,773012,15,482,宝马,,
405,776376,15,20026,宝马,1611877865bc45d1,16111678663b0e11
406,773350,15,20026,宝马,161189a0f48bb321,161145a0dfad2f71
407,774306,15,20026,宝马,161186b21d33d141,161135b2188f1de1
408,770607,15,20026,宝马,161175c4c8653791,161142c4a9920c21
409,766312,15,20025,宝马,1611790e26ad6941,1611340e1f7f7291
410,768021,15,20025,宝马,16118621b901f151,161152219e47b5f1
411,779794,15,90,宝马,161116624000fe91,16114661f2660c71
412,758319,15,20026,宝马,161129615cd71311,161169615a55dd81
413,778021,15,20026,宝马,1611137fd152aa51,1611357fb9a26d01
414,779495,15,20026,宝马,1611799cf17ea751,1611429d08c6bfe1
415,760690,15,20026,宝马,16112609752f0991,161167091a2b1df1
416,713298,15,91,宝马,1611891041816ba1,16115310aaaffe41
417,779275,15,90,宝马,16118731c4f2b3d1,16112131a4d98091
418,770003,15,90,宝马,1611498174d57dc1,1611648170057381
419,740187,15,90,宝马,161178ba35c71a81,161183ba338dd421
420,780360,15,20026,宝马,1611670d26f19701,1611990d074352d1
421,781148,15,91,宝马,1611158818425071,161152885f87ef21
422,777200,15,92,宝马,161116ac7258e351,161190ac6ff2bca1
423,782008,15,20026,宝马,16119560c6e47ed1,16113660abc06461
424,724110,15,92,宝马,161179b2f3b1b091,161124b2e149c591
425,772448,15,20025,宝马,161180df821eaa11,161184df68c2c5b1
426,780931,15,482,宝马,1611532924144fe1,161194295a2d9731
427,781971,15,20027,宝马,16118536caa7af61,16112436ef9e6cc1
428,781224,15,92,宝马,161128534f55e711,16115953304b1cf1
429,760485,15,20026,宝马,16115490dd9d0e91,16111690ca46c471
430,783281,15,92,宝马,161229751d738041,1612227503a2a081
431,781067,15,20027,宝马,161216bd3dedb3f1,161279bd38cab9f1
432,782836,15,90,宝马,1612921611124331,1612671604e48091
433,781930,15,20026,宝马,1612410648786321,1612230628f28e11
434,117646,15,20026,宝马,161237322d9d1a41,1612753214b7e361
435,782250,15,96,宝马,161267ad08e6c0e1,161263ace4607121
436,781477,15,20026,宝马,16121584c0924ee1,16121184a640e501
437,781903,15,20025,宝马,1612649e1f833bd1,1612209e336727c1
438,784443,15,90,宝马,161298db757af281,161224db6fa3e0f1
439,782601,15,90,宝马,1612972add139f41,1612922ad2c5f241
440,770434,15,474,宝马,161293636ecaca71,161285635bf42381
441,781516,15,90,宝马,1612637b29236781,1612667b4432e721
442,785489,15,90,宝马,,
443,785419,15,472,宝马,161210dbee2cd531,161251dbd5e62a21
444,783682,15,20025,宝马,161242091f3102e1,161284090a134c51
445,452169,15,20027,宝马,1612952ed3eddba1,1612522ea79440b1
446,782363,15,20027,宝马,16121758418c38f1,16126955e5e6ba41
447,784031,15,20026,宝马,1612888de99d59c1,1612838dc8dc6e01
448,785305,15,90,宝马,,
449,785146,15,472,宝马,161250fec8a9e281,161226fe9ec74d61
450,728021,15,20027,宝马,161295930a6d6df1,16128493281f9e91
451,784144,15,20025,宝马,16124898d5592fe1,16124498c0aea8d1
452,785425,15,90,宝马,161230bf21cceda1,161272bf3e330821
453,783529,15,90,宝马,161218d8f13fca81,161236d8eedaed91
454,785866,15,20026,宝马,161253db78dc05f1,161285db4f5cd601
455,785020,15,90,宝马,,
456,787171,15,20025,宝马,16126164ea332c61,16122564c17d7961
457,786772,15,20027,宝马,161278b942379f11,161279b8f1146ba1
458,776531,15,90,宝马,161229bdd73c5c11,161216bda3a1dde1
459,784137,15,96,宝马,170112f255e34e51,170181f250f39d41
460,787952,15,20026,宝马,1701552d29092f61,1701942d24c32121
461,776611,15,20025,宝马,170175907843cdc1,170197907095b8f1
462,788593,15,91,宝马,17018979a7635a21,1701247993abdd81
463,295951,15,90,宝马,170162a77948bd51,170132a75de6c2c1
464,786826,15,472,宝马,170161e2ba26ee91,170127e28f39d2f1
465,781992,15,20026,宝马,17018104e6dcc3d1,17013004e465cc21
466,778664,15,90,宝马,170117321b61c151,17012632140134f1
467,753163,15,90,宝马,17012718e0a2cd71,17013818dbf09041
468,780342,15,90,宝马,17016886e8a5fbc1,17014686bd800381
469,788299,15,90,宝马,,170169947feb1eb1
470,670659,15,20025,宝马,17017396cf874ef1,17015496cadd4251
471,789670,15,482,宝马,1701193f0e21b1f1,1701983f076e1c11
472,777756,15,94,宝马,1701818b96bc0221,1701608b7eb0d0c1
473,763119,15,20026,宝马,170154aff4274161,170141b02db0c051
474,790284,15,91,宝马,170160532e4c8aa1,17015953024e9e61
475,790693,15,96,宝马,170186742b017e11,170131746311e551
476,789719,15,20025,宝马,1701467478a49d41,170133747281a131
477,787535,15,20027,宝马,1701379d4cbe6041,1701709d2b7b6521
478,780231,15,1081,宝马,17012003bc1f7ee1,17012603b1c5a121
479,791344,15,90,宝马,17013193576ac871,1701169346e845b1
480,790571,15,475,宝马,1701386667602f31,170191662d46bff1
481,776328,15,20026,宝马,170131964dd7ca31,1701329640bff7b1
482,791571,15,90,宝马,170260eacca4cbb1,170215eabcae7f51
483,788250,15,96,宝马,170233f50fa3a041,170284f50919fd21
484,780484,15,20026,宝马,1702261d72856921,1702751d6d7ff9d1
485,782051,15,90,宝马,170224256fe75481,170288254510a301
486,792899,15,92,宝马,1702182fcfad23a1,1702922fb680ba11
487,792781,15,2444,宝马,1702941a6f303441,1702661a8176ade1
488,792711,15,20027,宝马,170284cc0f937601,170215cbed3bceb1
489,782143,15,1081,宝马,1702192d3e676921,1702532d39812931
490,781730,15,20026,宝马,170276a49cd0d4a1,170293a48ed66cb1
491,794410,15,475,宝马,17022902f8649671,170224031a3b1f01
492,796427,15,20027,宝马,170247420d79b291,1702314144c1cc81
493,795451,15,96,宝马,170252fab1d013a1,170292faa70db581
494,793039,15,20026,宝马,170335c3e731b331,170368c3913b4821
495,748994,15,90,宝马,170343430e4ca9f1,17032442b16499e1
496,798025,15,96,宝马,17036586dbc17771,17037086c83baf01
497,795942,15,90,宝马,170373ca3510a0b1,170363ca136a3121
498,796983,15,90,宝马,170333d59b984871,170366d596384c31
499,794948,15,90,宝马,170338ec3457db21,170328ec2f5c85f1
500,799937,15,20026,宝马,170382fcce4d1a91,170358fc6a28b5c1
501,798948,15,482,宝马,17037512fa9719b1,17039312f35f2261
502,797405,15,20025,宝马,170354196b7876f1,170378136e87eb51
503,797827,15,20027,宝马,170343e0357a5d81,170378dc354c8e21
504,796323,15,20026,宝马,1703866a210c0d31,1703926a1a029fc1
505,799481,15,20026,宝马,170394b03a08c011,170378b02d47e5d1
506,797054,15,20027,宝马,170320f5ae952bf1,170318f5c34ff111
507,790315,15,96,宝马,17039575c1f363e1,17033975b1998cf1
508,798392,15,20026,宝马,170392614d5d7ba1,17034262dfd36411
509,798254,15,20026,宝马,170323e9bf0b8091,170356e9a89ea641
510,802338,15,20026,宝马,1703373c73f02da1,1703103c666e8a81
511,799469,15,90,宝马,1703555133afee51,17036450d3c64661
512,799355,15,20026,宝马,17031997a683b6c1,17039398d59194c1
513,798653,15,90,宝马,1703945caa94ffa1,1703135c902a87a1
514,802345,15,20026,宝马,17034357f0e18f71,17037857d508fa31
515,801805,15,472,宝马,1703497b2222d8a1,1703377b1c940571
516,798942,15,20026,宝马,1703806bc7349491,1703466be6056681
517,802185,15,20027,宝马,170351807deb8d21,170315806a53a4e1
518,800033,15,472,宝马,1704845abd70c051,1704875ab84806f1
519,803406,15,96,宝马,1704538b73dd2ef1,1704488b5935b071
520,803926,15,20027,宝马,17048325f2a4e111,17047225ddc4d6c1
521,787160,15,92,宝马,17049523a5f1ab31,17046023a2a8d7a1
522,786393,15,20027,宝马,170491544621f4e1,170494544090ed71
523,770274,15,482,宝马,170414a611e93831,170494a5e2849df1
524,805343,15,96,宝马,1704153daac18051,1704453d9e4b40f1
525,805980,15,90,宝马,1704206a9b71b741,1704606a8232bcb1
526,804783,15,91,宝马,170476809ba903f1,1704598043470c71
527,805298,15,20027,宝马,170480d510e3c6b1,170450d50b78f201
528,805991,15,20027,宝马,170475213280c351,170416211aa5dc21
529,804773,15,92,宝马,1704978be72d92b1,1704928be0116911
530,804788,15,96,宝马,170480cb0e1c7491,170440caf18225a1
531,806698,15,90,宝马,170492a1d3e9ed31,170499a1a716f161
532,786718,15,20310,宝马,170430d9471cde11,170480d95ed291f1
533,805992,15,20026,宝马,17042739efc784b1,17042939d4711971
534,801045,15,20306,宝马,1704386116a26be1,170416610ed65061
535,804873,15,20026,宝马,170465fa9f7065b1,170476faa8181451
536,806714,15,90,宝马,1704337df2e67c11,1704257dc4dd45b1
537,806798,15,94,宝马,170473a699575671,170467a682ee9931
538,807074,15,20026,宝马,170443ba7c09fff1,170439ba6ea59ec1
539,785062,15,90,宝马,170476b2d194de41,170460b2968abea1
540,806042,15,90,宝马,170420b8ceb6a371,170429b8ef7aa651
541,804812,15,20025,宝马,170496cc81970231,170444cca43ca421
542,806647,15,90,宝马,170473fd1ba99601,170483fd03e8a7c1
543,808142,15,90,宝马,170410182f79e831,17047017fc7e60f1
544,808098,15,20026,宝马,1705216ba5ae6c51,1705426b709533a1
545,808005,15,20026,宝马,,
546,808623,15,90,宝马,170591fdaa3ad871,170595fdd7364211
547,808810,15,474,宝马,1705874dd161c5e1,1705454dbd7a3171
548,808614,15,20026,宝马,1705982925a57df1,17057929135e75e1
549,806526,15,96,宝马,17056780420c00e1,1705758058c2f9a1
550,807407,15,90,宝马,17052688da3b12a1,17058188d2dd1c71
551,809063,15,20027,宝马,170596b1f6546701,170575b1da84d251
552,808323,15,20162,宝马,170516c097541291,170587c089c6c801
553,807198,15,20026,宝马,17057077a26437e1,1705347798763541
554,809568,15,482,宝马,170512b88c990121,170569b882392e11
555,809065,15,90,宝马,,
556,778733,15,20026,宝马,1705220b95ca6931,1705500b8c74d011
557,810832,15,484,宝马,,
558,803463,15,482,宝马,,
559,801549,15,90,宝马,1705999c229df111,1705569bfb45ba91
560,811099,15,90,宝马,170540b742347191,170592b75f4e4da1
561,809719,15,20162,宝马,170593d0d8559a51,170566d0d06677a1
562,802567,15,20027,宝马,,
563,808985,15,90,宝马,17056763addd1991,170578638bb18ef1
564,810761,15,20027,宝马,170532662534b501,1705756659d0dd41
565,810938,15,474,宝马,170577bc59d03361,170515bc54d91ea1
566,810069,15,91,宝马,170544c47f2a9851,170588c4637569e1
567,811110,15,475,宝马,1705940b86a18071,1705390b7f506881
568,811973,15,20025,宝马,1705783b9c177341,1705743b81066731
569,811781,15,20026,宝马,170536bce6b58981,170540bd0d302591
570,809983,15,20026,宝马,170626bf1bd81711,170628bf14401cc1
571,812204,15,90,宝马,17062526b4625531,1706162690d5fd31
572,810649,15,20026,宝马,1706314ec548b4d1,1706324c1cef43a1
573,812262,15,96,宝马,170610778e14fc51,17064077854c2f71
574,813402,15,472,宝马,170667c2155f4f01,170673c226086a01
575,805243,15,20026,宝马,170644dac9441da1,170671dab28bec41
576,813810,15,20026,宝马,17068609357fa9e1,170670093065e911
577,783276,15,90,宝马,1706809ea8bfaa61,1706889e9f504a71
578,812279,15,90,宝马,1706116237644c71,1706446235752ea1
579,811258,15,90,宝马,170675f9c6e91c71,170635f9a20f2b51
580,814353,15,475,宝马,170637a18a1f6921,170676a174c5f581
581,814651,15,96,宝马,1706820a5e5bfb31,1706210a3b0dd6b1
582,814474,15,472,宝马,1706254600b1d351,170675461c728411
583,814889,15,96,宝马,17061390623cb171,17065190165f7b41
584,808846,15,91,宝马,170669397776dc91,17062139431f1c91
585,814142,15,90,宝马,170650bd3e8cfbb1,170660bd4e9dd821
586,815158,15,92,宝马,170663ca6c16da11,170635ca52779651
587,815803,15,472,宝马,170695340dec9511,17062334a7159ec1
588,811144,15,472,宝马,170652ab728901f1,170645ab538653c1
