,car_id,pp_brand_id,pp_genre_id,pp_brand_name,left_behind,left_front
0,301058,49,338,比亚迪,150274b1ae12e3b1,150258b166469da1
1,134947,49,353,比亚迪,150363888cecbda1,150369885f4e18a1
2,313482,49,352,比亚迪,,
3,424059,49,352,比亚迪,150468ab89ad6f61,150425ab3d14d291
4,425829,49,350,比亚迪,150490be7e0fcb31,150482be55deaf61
5,426118,49,352,比亚迪,15047538977dd4a1,1504373841da7df1
6,239223,49,338,比亚迪,150453258f6bab41,150447252843c371
7,239463,49,358,比亚迪,15046276dbb87dc1,15041676afc6e061
8,430120,49,358,比亚迪,1504865fd59773f1,1504765f7a386f11
9,160646,49,352,比亚迪,,
10,427277,49,347,比亚迪,,150436ac439b99e1
11,406799,49,338,比亚迪,150424b9ada8bef1,150492b9f05ae391
12,432441,49,358,比亚迪,150419c3ad4a1581,150468c364cb6231
13,339373,49,352,比亚迪,,
14,428817,49,358,比亚迪,150430ba37f2b2a1,150497b94ea09e21
15,429553,49,352,比亚迪,,
16,424889,49,338,比亚迪,1504291d0b1a7fe1,1504791ce8ae7781
17,426277,49,349,比亚迪,1504590ca2a46991,1504700bc5927431
18,426241,49,350,比亚迪,1504929e34189341,1504619e7b755671
19,420490,49,352,比亚迪,150460b181c5c3c1,150467b2baa72821
20,403168,49,358,比亚迪,1504899d4aa38071,1504679d09052561
21,297785,49,338,比亚迪,1504800594117291,15048605c625c871
22,426667,49,352,比亚迪,1504905d6878de11,1504435d32eb0551
23,429963,49,378,比亚迪,1504415275083961,15045951fd814691
24,416139,49,349,比亚迪,15045765c1181061,1504856574185e51
25,430579,49,342,比亚迪,1504128b8589d5a1,1504998b60d69ec1
26,333474,49,352,比亚迪,150462a196b0c241,150478a2c7892b91
27,438328,49,349,比亚迪,15044686d9077151,15041186b5bb8ea1
28,231078,49,352,比亚迪,1504349f322e8b81,1504549edbb1b261
29,385414,49,352,比亚迪,150446a28962d471,150444a2670de901
30,421189,49,338,比亚迪,150459e5a6cb6b41,150421e5660cdd11
31,431332,49,352,比亚迪,150482e45de49fc1,150432e445898eb1
32,433712,49,351,比亚迪,150468febad537f1,150417fe963d4e21
33,434738,49,374,比亚迪,15046023e7c0ce01,15043223b84927c1
34,435088,49,358,比亚迪,1504513b5ee91301,1504203b3da36fa1
35,412701,49,353,比亚迪,1504337213a64ee1,15043171ea941671
36,418667,49,352,比亚迪,1504625c015e7b71,1504745ba54f9581
37,433904,49,349,比亚迪,15041460b50e9481,150496607d7366b1
38,421146,49,350,比亚迪,15049369c8635221,15042969ae045a81
39,436537,49,374,比亚迪,150488915b45e1c1,15044391371d20f1
40,437515,49,349,比亚迪,150477947f8e72e1,15049794671e50a1
41,415955,49,338,比亚迪,15045294e58547b1,15043194bc738001
42,237292,49,350,比亚迪,150456a47f0d1e81,150428a43208d861
43,418999,49,351,比亚迪,150457abfa9dc1e1,150439abcc4c2c61
44,398750,49,347,比亚迪,1505201d30831c21,1505181d1e572261
45,419945,49,338,比亚迪,1504120315e0be21,15044902b69007c1
46,312766,49,353,比亚迪,1504460638b31991,1504620610766141
47,114866,49,358,比亚迪,1504940fc20b4521,1504510ef93d87e1
48,438445,49,351,比亚迪,15049413bd001d81,150443141a73f6e1
49,430354,49,349,比亚迪,1504423d71ca9351,1504333c1a99d0a1
50,160010,49,352,比亚迪,1504156222626d31,150452620544cb81
51,277710,49,350,比亚迪,1504332eefca7831,1504842e8058d8c1
52,439423,49,338,比亚迪,1504384da17b7851,1504704d6424b671
53,116320,49,338,比亚迪,1504675605d3e951,15049055e7848431
54,415334,49,378,比亚迪,1504676bbec46861,1504786b9392c881
55,410823,49,338,比亚迪,1504478428352ac1,15046583fd77c461
56,431034,49,352,比亚迪,150419b906eb5fb1,150489b8dcb7aa81
57,421139,49,352,比亚迪,150480be7f5e2d01,150473be542552a1
58,318184,49,352,比亚迪,1504409af668f2d1,1504779af4722db1
59,420414,49,338,比亚迪,150417b5ab1aefd1,150454b5a46d0211
60,133621,49,353,比亚迪,150467bdb619b1a1,150457bd7f4f9ae1
61,437075,49,338,比亚迪,150477d57256a471,150454d5470094a1
62,134862,49,349,比亚迪,150518ea06d19461,150596e9165441f1
63,410991,49,342,比亚迪,1505481931b67561,15051219206646e1
64,426096,49,349,比亚迪,1505764430c38521,15054243dbd90891
65,445744,49,349,比亚迪,150599aac92b1551,150573aaac9ad551
66,425550,49,352,比亚迪,150518eead674ef1,150580ee8b809491
67,334607,49,378,比亚迪,150536f16f8beff1,150538f1499baf31
68,408475,49,338,比亚迪,150573ac7003b1d1,150531ac667ad6d1
69,438993,49,349,比亚迪,1505556dd185d351,1505576db225a371
70,441816,49,351,比亚迪,150512dc392bd1e1,150523dc00adbe31
71,446506,49,338,比亚迪,150594b483a309c1,150572ab20360051
72,408737,49,377,比亚迪,150524d47f7d1a51,150561d42b0b4a11
73,437580,49,347,比亚迪,15052307ab2b21b1,150548075b5280c1
74,290493,49,352,比亚迪,1505490cfd40eed1,1505880ba8befcb1
75,269896,49,338,比亚迪,1505581653a71371,1505441611335c51
76,409909,49,1309,比亚迪,1505574d5364a571,1505304cd3440551
77,398638,49,338,比亚迪,15057672228b5bb1,15055571f93148d1
78,423397,49,349,比亚迪,150530b5951fa1b1,150518b55b4c5cc1
79,147440,49,338,比亚迪,150576c5040eea81,150535c4e3bf31a1
80,440571,49,338,比亚迪,150539bdd620fc01,150569bdce199061
81,442127,49,347,比亚迪,150589f6b8e6be91,150524f69bb90501
82,441011,49,338,比亚迪,1505453d76d5fc21,1505333d7fb79f71
83,20072,49,353,比亚迪,1505482eb172ed21,1505932eaba81121
84,335749,49,352,比亚迪,15053681eaf02e71,15053581c3debc81
85,449897,49,358,比亚迪,1505649691671251,15054396d58ebb31
86,448653,49,358,比亚迪,1505429c573e2d71,1505339c2dc649a1
87,336757,49,352,比亚迪,150525b75404c1a1,150522b06bb0f6c1
88,286956,49,350,比亚迪,,
89,442787,49,338,比亚迪,150596e1d7914fa1,150521e1b6045d71
90,191182,49,338,比亚迪,150528dc55b93cb1,150529dbdd46f8a1
91,443763,49,350,比亚迪,1505960d7b2fb701,1505580d262a1031
92,434888,49,351,比亚迪,1505924383f03581,150532428555ad81
93,86491,49,349,比亚迪,1505437b5667d1d1,1505627b40c40071
94,385983,49,352,比亚迪,1505275e126e76e1,1505415dd0d7e491
95,368653,49,352,比亚迪,15052860df2f3031,1505106094b249e1
96,441666,49,351,比亚迪,1505977c7a72b1a1,1505877c6b2e5861
97,408768,49,352,比亚迪,1505418d0701e351,1505628cb9d195d1
98,408558,49,352,比亚迪,150567c218de1a01,150589c20faf1e51
99,418447,49,349,比亚迪,150592a9fc2f5291,150518a99a9ed251
100,457491,49,349,比亚迪,150587b60eaff8b1,150575b5d56c4af1
101,340612,49,342,比亚迪,150555f2b6402da1,150565f29d5188e1
102,450668,49,338,比亚迪,1505521cad7a6ed1,1505161ca5315431
103,450392,49,349,比亚迪,150574e4231b2191,150562e41ac28711
104,450717,49,378,比亚迪,1505971402bcc191,15059313c33a9da1
105,449763,49,378,比亚迪,1505440476adf981,15054203f1bde421
106,421916,49,378,比亚迪,1505735353d47311,150527534d6e2a11
107,411787,49,358,比亚迪,15055868ffd179e1,150528699fa22331
108,290374,49,350,比亚迪,1505457e448e03c1,1505197e3a4c5d21
109,450998,49,349,比亚迪,1505118450e1b901,150540844966b101
110,426599,49,349,比亚迪,1505949b9b867a31,1505449b76c937e1
111,459945,49,349,比亚迪,150548a3ad3bc661,150515a39f728c71
112,412816,49,342,比亚迪,150580bd014e0e41,150515bc8c0bc681
113,459004,49,352,比亚迪,150569e577d16eb1,150535e4c110fae1
114,407865,49,352,比亚迪,150571efd9536921,150585efd0142751
115,403491,49,349,比亚迪,15052314dbca9861,15052614d1b36941
116,308491,49,353,比亚迪,1505793807d0e691,15059137b86d5921
117,458318,49,372,比亚迪,150523372fa887b1,150530376a824951
118,460441,49,377,比亚迪,1505867803387ab1,15057377cf3d2331
119,458237,49,351,比亚迪,1505678b7fd80ce1,1505478b7c95f1b1
120,448820,49,338,比亚迪,1505209d6b5051e1,150532a0740cf181
121,451070,49,338,比亚迪,150517a2039d20a1,150550a1ffaa4df1
122,458674,49,338,比亚迪,150541ed0fb99761,150573ece239aaa1
123,269359,49,358,比亚迪,150578129dc20d11,1505611251ee78a1
124,456017,49,351,比亚迪,1505801bd76a5ca1,1505251bbe0b18b1
125,442440,49,338,比亚迪,150570e503564851,1601358be445f071
126,456014,49,338,比亚迪,150542d9b8851461,150534d9ae4eb911
127,180331,49,338,比亚迪,150591078f4f6931,150598078b79d541
128,449402,49,349,比亚迪,150595081cb91331,15051807f980f5b1
129,457011,49,351,比亚迪,1505341b856bb241,1505511b5985f9b1
130,449407,49,378,比亚迪,15056738efc55841,15056138b90485e1
131,441603,49,338,比亚迪,15051349a6592c91,1505964a3c29ef91
132,458339,49,351,比亚迪,150535723b951ea1,150531720e606ff1
133,246525,49,374,比亚迪,15051479ff02c5f1,15052579bd8d1191
134,59523,49,352,比亚迪,1505159e729ab9c1,1505109df4301301
135,450619,49,338,比亚迪,150589c2569e6231,150518c379428a81
136,460333,49,338,比亚迪,150577dc51d9bb31,150595dbf0dfba21
137,431692,49,349,比亚迪,150516f316b0fd71,150546f2bd478bc1
138,451191,49,351,比亚迪,150569e9c1530621,150515e9e859aaf1
139,448706,49,338,比亚迪,1505840cce34efc1,1505560cc60a08c1
140,415602,49,352,比亚迪,150523238ab34dd1,1505612343f1c611
141,408210,49,338,比亚迪,150533975ea59a41,15058396366950a1
142,459798,49,338,比亚迪,150551927d5b08a1,1505729270e2e501
143,424465,49,352,比亚迪,150511a3c1e66f61,150545a39e8bdae1
144,215682,49,352,比亚迪,150519acfd013f41,150542acd9e19121
145,459185,49,338,比亚迪,150566eda8364051,150533ed83ac4641
146,466695,49,352,比亚迪,15054900bec4f391,15052500b8d9a911
147,464025,49,338,比亚迪,1505503a7032bbc1,1505373a5d2b58c1
148,457460,49,342,比亚迪,15054162ed458ef1,15059662b7678421
149,446317,49,338,比亚迪,1505831c8b631e31,1505211c5c89a181
150,421338,49,342,比亚迪,1505345887450431,15051157ef104c41
151,287431,49,352,比亚迪,150544b6ae2e9bb1,150515b691c63531
152,441792,49,342,比亚迪,1505227c8b6aaaf1,1505527ca21b9941
153,465836,49,349,比亚迪,15057294d436a9c1,15051794ae6fec21
154,442330,49,351,比亚迪,150576b2a77868b1,150539b2f0df0551
155,435633,49,338,比亚迪,150622cd1863ddc1,150660cd00ebb7c1
156,455790,49,1309,比亚迪,15068110c75cdbf1,15066010bd356b01
157,473188,49,352,比亚迪,150639197ccd81c1,1506841914696261
158,377464,49,374,比亚迪,15062020593ae9e1,1506321fda129ed1
159,468785,49,352,比亚迪,1506760fc517ff61,1506170f92d90a71
160,337072,49,352,比亚迪,15068012b7a3ddf1,1506381288f2b3c1
161,415697,49,352,比亚迪,15065274cb478cb1,15062274c50a73b1
162,473919,49,352,比亚迪,15063372d5988031,15067172ccb04a21
163,458921,49,338,比亚迪,15062697eb3096f1,15064797821034d1
164,454329,49,353,比亚迪,150616af1d692cc1,150663aebdd6c931
165,186137,49,338,比亚迪,150685b9a0d517a1,150683b99b3aa3e1
166,439965,49,338,比亚迪,150629b030506351,150642b01e8c2f61
167,405122,49,349,比亚迪,150655e11a91f111,150665e0d46ce7c1
168,465037,49,358,比亚迪,150688eb74aea301,150698eb16e5fbc1
169,470244,49,349,比亚迪,150694fa9fd612c1,150645fa81cf0e41
170,478649,49,349,比亚迪,15064708ce7fb001,150636089f80cdd1
171,476057,49,349,比亚迪,150634236227dc61,150640237e78b0d1
172,457240,49,358,比亚迪,150676edca9dee61,150670ed9579d291
173,465255,49,358,比亚迪,1506120fd6e9aca1,1506900fd02fdf31
174,440292,49,358,比亚迪,15063238394e6131,1506963807db8741
175,340232,49,352,比亚迪,1506883ba00b7381,1506393b61609da1
176,476035,49,338,比亚迪,150654886912d0c1,1506388810064ac1
177,451107,49,374,比亚迪,150678561b08c7b1,150677559266acc1
178,448645,49,353,比亚迪,1506939a81996811,1506199a43620ca1
179,473800,49,378,比亚迪,150651d4f30cddc1,150636d4f9ecf111
180,480839,49,349,比亚迪,150626f56487e591,150645f545741e81
181,402048,49,374,比亚迪,1506580e43ad65a1,1506530e5a633c61
182,415938,49,351,比亚迪,1506721b5eb01541,1506891b79173fa1
183,477826,49,372,比亚迪,1506933919708f41,15061337b7880471
184,122761,49,349,比亚迪,1506736fcd2309a1,1506236fa00f7d11
185,419655,49,352,比亚迪,150627630782c011,15062962cd24da31
186,474290,49,351,比亚迪,1506697b0d3a82c1,1506517ab3969921
187,259036,49,338,比亚迪,150633947eafd511,150647945a033231
188,466277,49,338,比亚迪,150641aec021a1d1,150690aedc1c7e61
189,481183,49,338,比亚迪,150633da6cb8b901,150686da01e7efc1
190,479559,49,352,比亚迪,1506603da6b58b41,1506983dcd0269f1
191,274017,49,338,比亚迪,1506466f92aed7e1,1506436f9061c931
192,469289,49,352,比亚迪,1506903a4056c441,1506803a35ae5101
193,468023,49,352,比亚迪,1506686cb108f6c1,15066062eb7e3891
194,481773,49,353,比亚迪,150697641b91c981,15066969deb6dc41
195,462757,49,352,比亚迪,150618aa569a52b1,150688aa146d80f1
196,323118,49,349,比亚迪,1506478865abcee1,1506258826c9c301
197,479277,49,338,比亚迪,150613db18c28281,150660db3b8d4a11
198,378539,49,358,比亚迪,150693c6316301b1,150620c6388c7fb1
199,485763,49,358,比亚迪,1506151527b37e51,150632150f298601
200,453730,49,352,比亚迪,15061947b8c02111,15062647b03388d1
201,490000,49,338,比亚迪,150661a99d058321,150658a9366a6da1
202,402625,49,349,比亚迪,150619b5df990d91,150615b5994cb9b1
203,489996,49,358,比亚迪,15066677df0a85f1,15061677d8dccc51
204,333043,49,1309,比亚迪,150682b75d99c8c1,150687b733c717c1
205,483896,49,349,比亚迪,150640bb7807b881,150677bb5ab6f581
206,472299,49,1309,比亚迪,150616c78244a671,150669c7e7034451
207,292524,49,1309,比亚迪,150669d0c2299611,150693d0961d0841
208,477807,49,349,比亚迪,1506360446c6f561,15062102fccd6801
209,412987,49,338,比亚迪,150686208aab7b41,1506752071ed2ec1
210,464457,49,338,比亚迪,1506733a554c8bb1,1506113a2517bb11
211,449958,49,349,比亚迪,1506596f6ff37431,1506166fec5e84e1
212,423439,49,353,比亚迪,1506923630bda9b1,150621360bdc1e41
213,475478,49,349,比亚迪,1506163ad98b2251,1506783ac5aaa2a1
214,453903,49,338,比亚迪,150615792ca1cfd1,15064478e7ee4ed1
215,480451,49,347,比亚迪,1506817ff7c44411,1506737fd9f37a21
216,269607,49,352,比亚迪,1506979b2f139381,1506679af90ac1c1
217,415484,49,358,比亚迪,1506119db4b977b1,1506219d9b018e81
218,362509,49,352,比亚迪,150640b158b312a1,150616b1516b1821
219,453995,49,1309,比亚迪,150667ba939b0e21,150610ba98272e51
220,471167,49,352,比亚迪,150620878b816f81,15069687754e9ab1
221,491637,49,351,比亚迪,1506929be4b06741,1506259bd9400071
222,446550,49,351,比亚迪,150623c602b4e1a1,150698c5e1d42a71
223,494570,49,351,比亚迪,150650c8dc37b751,150624c8a4dca1a1
224,487703,49,338,比亚迪,150655d350798471,150612d390b7a3b1
225,470180,49,338,比亚迪,150619e4918f4671,150697e48696be91
226,390674,49,358,比亚迪,1506530b29a79521,1506100b8a6f9641
227,491045,49,349,比亚迪,150613c64a98fa61,150622c62c516e41
228,490752,49,352,比亚迪,15068587bb3d3dc1,15065087984329f1
229,196513,49,349,比亚迪,150652ee83338661,150655ee7be7d9e1
230,420561,49,347,比亚迪,150699e4cc2bbad1,150630e4c37d9541
231,488211,49,352,比亚迪,15065636c0921611,150664369a212531
232,495260,49,378,比亚迪,1506841a2b120d21,1506251a49438af1
233,458756,49,1309,比亚迪,1506767cbcbb8301,1506787c9f932cf1
234,493561,49,374,比亚迪,1506748aecf3bfb1,1506198ad25d98c1
235,467988,49,349,比亚迪,150635738caf27b1,150654737f8623d1
236,480198,49,378,比亚迪,150643cb301f13a1,150682cac1a968e1
237,502749,49,338,比亚迪,150661b25b3ab491,150675b2d3e947c1
238,495161,49,374,比亚迪,150643b57cc138a1,150669b574419121
239,495729,49,350,比亚迪,150682f615503db1,150625000fe1acb1
240,508387,49,352,比亚迪,1506143e095e8791,1506753df6800211
241,495319,49,351,比亚迪,150617507f9bcf81,150614507b46f9f1
242,500609,49,351,比亚迪,1506715225d91f31,150635520b0b1161
243,492097,49,347,比亚迪,150696732e229781,15063572f2662031
244,402169,49,349,比亚迪,1506377e7f6431d1,1506257e73b6bdf1
245,383926,49,338,比亚迪,15063784717f9701,15068384482f0061
246,508516,49,351,比亚迪,15061866dfd2c361,15061266c4067da1
247,509662,49,349,比亚迪,1506776d208b4df1,1506926d15373e21
248,447887,49,338,比亚迪,15069377c13d13b1,15066777bb02c641
249,488442,49,358,比亚迪,150614b808580d71,150626b7d46a7081
250,485151,49,350,比亚迪,150664be91a77d61,150680bdd6749c91
251,491992,49,351,比亚迪,1506390e00022aa1,1506450df98bb481
252,506780,49,338,比亚迪,15066413cdd2d511,15065913b48c7b81
253,188607,49,351,比亚迪,150627176bb52031,15062816f187ed31
254,441605,49,342,比亚迪,150628181e5e1061,15064917c795b2d1
255,457532,49,352,比亚迪,1506851dda559b81,1506811d84acedf1
256,403384,49,352,比亚迪,1506556bd093eca1,1506686bb9a0c2c1
257,514494,49,358,比亚迪,15072266539565c1,150729662224d481
258,483357,49,349,比亚迪,150729941fb823a1,15079393da2160f1
259,487863,49,347,比亚迪,150787bd2cacf981,150795bd1f0b9b61
260,470109,49,349,比亚迪,1507721bd1c743c1,1507241bacec5cd1
261,515605,49,338,比亚迪,,
262,520905,49,349,比亚迪,15077988db0aa421,15077988cf53ff91
263,514341,49,378,比亚迪,15077820e043e9d1,150752208c1a40c1
264,501708,49,349,比亚迪,150742424ad60b71,150774422c590251
265,122105,49,351,比亚迪,1507374f48817b51,1507204f3d4a3951
266,439955,49,352,比亚迪,150718570007a5e1,15074556b099b6b1
267,409525,49,352,比亚迪,1507789a783737d1,1507919a57983041
268,490285,49,342,比亚迪,150711adfa4f21a1,150722ad7c6a63d1
269,503060,49,1309,比亚迪,1507579814a69821,15072197aca26901
270,506940,49,374,比亚迪,150711ed88da2261,150765ed45c8f5e1
271,517878,49,378,比亚迪,15079603cb3096b1,15076307ab625bd1
272,517876,49,378,比亚迪,150743ead02ec161,150719ea9aa7faa1
273,515180,49,338,比亚迪,1507264a901983e1,1507664ae8667c81
274,514212,49,352,比亚迪,150776ada6c8cbb1,150755b8d7090b91
275,521179,49,374,比亚迪,1507376ab251ba01,1507526aa59d79c1
276,483516,49,353,比亚迪,150773a375467fc1,150739a31d01ad61
277,518009,49,358,比亚迪,150728ac7cb9fe21,150718ac5f8c98b1
278,519249,49,347,比亚迪,150722af91f2b281,150765af60614481
279,522407,49,358,比亚迪,150739bb14710e21,150735badb38dc41
280,421909,49,347,比亚迪,150751c21c4064e1,150758c1b841e0c1
281,520812,49,338,比亚迪,150748d40b130f91,150772d3bf985c11
282,151274,49,338,比亚迪,150791e6c8587981,150780e6c4c51691
283,490361,49,349,比亚迪,150722ebda49baf1,150759eb53cb4031
284,138005,49,338,比亚迪,1507764926164cc1,15075349586dbc81
285,446794,49,349,比亚迪,15077321493c1591,15071021f636e161
286,493420,49,352,比亚迪,1507567235c42ab1,1507187218ded7f1
287,275547,49,1309,比亚迪,150770a0498a9e41,150733a02af0d231
288,468407,49,349,比亚迪,150710650f5d1ab1,15075264f0c70891
289,525411,49,349,比亚迪,1507247608cbf101,15073675d889c2e1
290,488225,49,351,比亚迪,1507129050acf741,150765906dc18541
291,523664,49,349,比亚迪,150739cf596463c1,150720cf51e33e51
292,413965,49,352,比亚迪,150792efa29a75c1,150777ef6247dfc1
293,440163,49,349,比亚迪,150768ec2f8bcb11,150798ec75432661
294,525382,49,349,比亚迪,15076880a3bdcc61,150785809dbf4ec1
295,527943,49,351,比亚迪,1507245adb397351,1507775a7807a881
296,484673,49,353,比亚迪,150765822c91aaf1,1507868223da19c1
297,531571,49,349,比亚迪,150784d5c192c6b1,150791d5a61c0841
298,525318,49,349,比亚迪,150764dec64dbe81,150791debd215de1
299,529872,49,338,比亚迪,150759e1d96230f1,150747e18908f171
300,112679,49,349,比亚迪,150786e5730c4fb1,150759e51ec53f91
301,481337,49,347,比亚迪,1507950d5ec83641,1507330d22120c31
302,533655,49,374,比亚迪,1507410519a75b61,1507250513b01e01
303,513236,49,349,比亚迪,150776731c6cd861,15072272bacfea31
304,504774,49,338,比亚迪,150736a4283550f1,150796a40c8b1151
305,524368,49,338,比亚迪,150754bd6d02a251,150717bd52bd5bf1
306,496178,49,352,比亚迪,150787e62c5e65e1,150750e606b4dcb1
307,529343,49,358,比亚迪,1507840c3ec27411,1507550c0061ce61
308,536013,49,338,比亚迪,15073507266a4c11,15079707026bd371
309,532227,49,374,比亚迪,1507857d9f84aee1,1507517d958f2601
310,530157,49,374,比亚迪,15074492b0adead1,150735929b2ec8d1
311,541229,49,338,比亚迪,150772a9d2433761,150796a9c12b9371
312,500935,49,338,比亚迪,150732f3f73dfeb1,150727f3d9281f41
313,535507,49,350,比亚迪,150725a4ed60da31,150717a4d4c14c31
314,532660,49,352,比亚迪,150736bcd67fd1e1,150794bc7fc38d21
315,531897,49,338,比亚迪,150749db3ed99441,150797db39754491
316,416379,49,338,比亚迪,150750fce21be6d1,150739fcdb9737f1
317,534542,49,378,比亚迪,150717100f185d01,1507650fb09b9c81
318,413521,49,351,比亚迪,150789002a2093d1,150760000aa46281
319,539605,49,358,比亚迪,1507823083d17f01,150716305c3a6f81
320,533751,49,338,比亚迪,150774338a28b6d1,15078033b21b46f1
321,509470,49,349,比亚迪,15075653c6c4a421,15071653979a4b91
322,349905,49,352,比亚迪,150766789b335f31,1507617830745ee1
323,462275,49,351,比亚迪,1507705948db6c51,150749593a6e57a1
324,541116,49,338,比亚迪,15074683aab06531,150761834c337fb1
325,539597,49,352,比亚迪,150770aa6ba1c471,150778aa294803b1
326,531699,49,358,比亚迪,150779b9f3f048b1,150763b9d82765d1
327,537740,49,349,比亚迪,150717e4e07fe431,150715e4d884e811
328,489840,49,352,比亚迪,150740a9306e9da1,150723a9168a4df1
329,489714,49,338,比亚迪,150783c915701051,150713c8f44b56d1
330,537211,49,352,比亚迪,150725da09b1c101,150769d9fb08bf11
331,541908,49,342,比亚迪,150789f22381ac31,150712f1f96e8041
332,528075,49,351,比亚迪,1507111ec0980851,1507751eb9df8601
333,519018,49,352,比亚迪,150780235874d361,15074523552cb561
334,190011,49,338,比亚迪,,
335,539070,49,374,比亚迪,150738e88f48d661,150710e867230441
336,534967,49,352,比亚迪,150752000a876691,150784ffea5caf21
337,546922,49,349,比亚迪,1507770a76947281,1507360a6b584821
338,511911,49,1309,比亚迪,150752093d2250e1,15078809184b9121
339,542454,49,374,比亚迪,1507101415316581,15073909c51a5941
340,542920,49,374,比亚迪,1507961af2a9d501,1507631aeaa142f1
341,543503,49,378,比亚迪,1507113f6436a4c1,1507443eeaea2b61
342,517339,49,352,比亚迪,1507454a304e8101,15079149f51689b1
343,537498,49,338,比亚迪,1507124e3b3e40f1,1507804dffc35a31
344,529744,49,352,比亚迪,1507816bfbce2f51,1507226bceedddd1
345,538495,49,349,比亚迪,15077490d12ce4c1,15073990ad7d2001
346,534964,49,342,比亚迪,150789622ecd7e31,150761622c075021
347,540827,49,349,比亚迪,150713875fa22221,150761854b3d5441
348,536695,49,352,比亚迪,150710bf2280e0c1,150750befa832021
349,528361,49,358,比亚迪,150761bc9d095131,150732bc6f905431
350,538715,49,342,比亚迪,150775ebe1c81ac1,150728eb61358621
351,509777,49,338,比亚迪,150719f4d3e83ab1,150745f4b80c67f1
352,544583,49,351,比亚迪,15078102b87cd371,15077202d8550721
353,544318,49,342,比亚迪,1507741dd7678201,1507811dadad1b01
354,542779,49,374,比亚迪,15074853417b4d61,150789572aee82d1
355,547914,49,378,比亚迪,1507286d7e29e971,1507306f559076b1
356,226393,49,351,比亚迪,15077336e74b0431,15076936dfebaa21
357,459998,49,358,比亚迪,150742676b06aa91,1507676752e27481
358,547978,49,378,比亚迪,1507279017068721,1507919074357031
359,543433,49,349,比亚迪,1507128f5e3e9781,1507678f29d8b831
360,547161,49,349,比亚迪,150771a8ca5f7ed1,150720a8ab8bc611
361,536290,49,350,比亚迪,150752ab10c69ea1,150769aad1a74801
362,533691,49,378,比亚迪,150742c4611dafc1,150783c45c4f3181
363,554526,49,374,比亚迪,1507350179417fb1,1507200173a7e201
364,486391,49,350,比亚迪,150776043ee16b51,150766043316b4a1
365,469960,49,338,比亚迪,150733c7a2aadf81,150789c78a6f4d11
366,550927,49,358,比亚迪,150782efcdc74941,150743ef7706fa81
367,560397,49,378,比亚迪,15088145ff631d61,15087946184c9c51
368,550699,49,351,比亚迪,15082164a67188a1,1508866459bf5b31
369,515039,49,377,比亚迪,150837b419b89ac1,150864b413566091
370,558763,49,338,比亚迪,150811665101e1b1,150859661a537381
371,547652,49,352,比亚迪,150834d48de91281,150881d461658161
372,547093,49,338,比亚迪,1508486cb4018491,1508906c9c0eb261
373,548362,49,374,比亚迪,150886cc702b7241,150845cc3d12beb1
374,560074,49,378,比亚迪,150838090c8308f1,150890093f0fea61
375,429741,49,352,比亚迪,1508402d10901891,1508922cf47f82f1
376,485841,49,349,比亚迪,1508124ca92aff21,1508674c8a13a0e1
377,557991,49,338,比亚迪,1508954e0a6c3561,1508194deadebf81
378,570620,49,351,比亚迪,1508995c35825931,1508425c2c11aae1
379,563060,49,347,比亚迪,1508708bdcb5af81,1508268bf36211d1
380,571863,49,352,比亚迪,,
381,472241,49,352,比亚迪,150827dd69df35e1,150856dd64443c21
382,530986,49,374,比亚迪,150834ec08f262a1,150896ec01d88a81
383,577549,49,338,比亚迪,150878a7afd834e1,150845a771b101a1
384,489388,49,338,比亚迪,150892cf385a4541,150834cf30063471
385,576977,49,349,比亚迪,1508880efc00f0e1,1508300e9a8cd201
386,562116,49,350,比亚迪,1508182b71170091,1508302b2c444a91
387,546128,49,347,比亚迪,1508753ede7ce211,1508563ea7991bd1
388,569403,49,374,比亚迪,1508856f09409ed1,1508226f5771ef91
389,576178,49,349,比亚迪,150831ccefedfb01,150810ccdc2b1131
390,571845,49,338,比亚迪,150833c2ce320b11,150838c2a68119e1
391,579403,49,338,比亚迪,150882bdf98bef71,150848be0fe1b251
392,562463,49,338,比亚迪,150864ed977dd381,150823ed760056a1
393,581485,49,338,比亚迪,15081619f133ca31,1508401a3a7ef761
394,552008,49,352,比亚迪,1508620f8a05baf1,1508900f7c350e11
395,574955,49,358,比亚迪,1508891ebd891341,1508101e9335ac81
396,582968,49,338,比亚迪,15086635cc3257e1,150853360ae5c5f1
397,569069,49,358,比亚迪,15089630cd9530b1,15085930f4851a71
398,582194,49,338,比亚迪,1508880b0f13e4b1,1508420ab0001c71
399,583565,49,338,比亚迪,1508901ae2b925e1,1508771ad44ea8a1
400,566743,49,378,比亚迪,1508396053632e01,1508246010062841
401,566662,49,1309,比亚迪,15087994930d96a1,1508739456895081
402,501358,49,358,比亚迪,1508774cee353041,1508734ca9311301
403,503729,49,351,比亚迪,150821596e7ea1f1,1508195966a3b611
404,590499,49,338,比亚迪,15084260404eab61,150863601d5bf921
405,568616,49,358,比亚迪,150890725ab2b861,150874723a61c481
406,569302,49,351,比亚迪,150890733b741b51,1508527356dc1c51
407,585083,49,374,比亚迪,1508917d74eeb7e1,1508147d26039b81
408,584534,49,349,比亚迪,15081387db66b631,15087587bde72351
409,250978,49,351,比亚迪,15085495cd27ff71,1508549595bd4c91
410,589853,49,349,比亚迪,150846a6f8043b51,150874a6c43bc6e1
411,588184,49,338,比亚迪,150824aca37bd601,150833acda407a71
412,526105,49,352,比亚迪,150869b928ec92f1,150879b920a826c1
413,562943,49,374,比亚迪,150856cfea544831,150866cfe07782c1
414,537774,49,374,比亚迪,150849d52e199691,150838d5230e7751
415,560064,49,338,比亚迪,150851ea67dfc5b1,150851ea4b8f3001
416,543166,49,358,比亚迪,15088215339649a1,1508911521be1dc1
417,418787,49,351,比亚迪,150883f4376deea1,150878f430b36e01
418,558121,49,1309,比亚迪,1508151d6db302d1,1508721d7d318fd1
419,555169,49,1309,比亚迪,15084147c5243c81,15085947855f3361
420,541649,49,342,比亚迪,1508694170ece961,150825414f043301
421,559661,49,353,比亚迪,15089579b8d66071,15081079956f63c1
422,517927,49,338,比亚迪,150891ac380d2c41,150830abecd32e81
423,492079,49,338,比亚迪,150873cac7afa731,150861cac240fd61
424,581456,49,338,比亚迪,150864e60e660cf1,150847e67f19d241
425,570609,49,378,比亚迪,150866f4a4e21111,150879f49c690881
426,602692,49,338,比亚迪,1508811de51a4901,1508781e3916ec71
427,601876,49,378,比亚迪,15081140585a0851,1508554030bb1c81
428,602307,49,358,比亚迪,15082445b0e92b41,15088145cf46e7f1
429,577689,49,358,比亚迪,15089668d41772d1,15083169189eed61
430,589556,49,358,比亚迪,15086270c1d018d1,1508237097809751
431,568797,49,378,比亚迪,15082687ad000761,150851873bcc4191
432,603881,49,349,比亚迪,15088799f5d85831,15081699bfd29581
433,587225,49,349,比亚迪,150886a4f3d3c271,150890a4cd53b231
434,602348,49,352,比亚迪,150862b199791cd1,150893b1ca5cc9d1
435,603995,49,338,比亚迪,150898c628676771,150826c6269a59c1
436,601265,49,349,比亚迪,150831df3c08beb1,150892df1582f511
437,607322,49,349,比亚迪,150847e461022511,150828e44ae4a901
438,606355,49,352,比亚迪,,
439,590565,49,338,比亚迪,1508642bd45218b1,1508852bc9e6b8d1
440,571033,49,338,比亚迪,150892f184ad7e21,150840f16d895c91
441,562940,49,338,比亚迪,15082857a09c69f1,150897578cc97aa1
442,547084,49,349,比亚迪,1508226083b00521,1508866071686fa1
443,611516,49,338,比亚迪,15084012c25457e1,15084812b5988b51
444,538704,49,352,比亚迪,15088122dc22e8a1,15082722a4710d21
445,600967,49,374,比亚迪,15085190a2881b71,150852909053ae91
446,577856,49,374,比亚迪,,
447,591323,49,347,比亚迪,150810cb9ebd52d1,150867cb592086a1
448,521687,49,342,比亚迪,150841ee61e2b901,150876ee6ebf0561
449,438836,49,338,比亚迪,150895f1afc90ee1,150872f1a4d5ca51
450,619850,49,338,比亚迪,15088206570470d1,150851062ed40731
451,617002,49,352,比亚迪,15086093f8c069c1,15082193d34d7221
452,622050,49,358,比亚迪,1508936c6606a391,1508706c3c9caab1
453,595704,49,352,比亚迪,150889808cd42de1,1508268065147c61
454,581039,49,352,比亚迪,150822e243caa451,150877e1cfb7c801
455,590324,49,338,比亚迪,150814eb61917c71,150879eaef2b9101
456,614294,49,349,比亚迪,150855002a300021,1508610055725471
457,627322,49,349,比亚迪,150862169acd30f1,150813167a4fca01
458,620602,49,353,比亚迪,15089252b2e10ce1,15087952d8740bd1
459,633250,49,351,比亚迪,150817fe3b77af71,150824fdfcc84571
460,454876,49,351,比亚迪,1508614d8d2e3bf1,1508124d5ea1cd81
461,606987,49,351,比亚迪,1508224d8361c4a1,1508204d65e77171
462,634836,49,351,比亚迪,1508824f850b61a1,1508904f7d8c8751
463,633714,49,349,比亚迪,15098519ab069f21,15099719a4091cf1
464,629669,49,338,比亚迪,15087592b4504ed1,150898928e27dcc1
465,484729,49,349,比亚迪,1508929a7aa0c921,1508949a376a5181
466,607049,49,378,比亚迪,150885c13c2a8761,150830c167f39e01
467,627856,49,338,比亚迪,150872cc13dfa081,150820cc04b50b81
468,442261,49,1309,比亚迪,150885fdc55fe401,150856fdbf8091f1
469,593994,49,349,比亚迪,15088031a17dce91,150846319ad4b221
470,598296,49,378,比亚迪,1509753e51cf7991,1509963e4d856cc1
471,201271,49,347,比亚迪,150920541512bb61,15095853f9c089b1
472,630378,49,358,比亚迪,1509806ab7e8a641,1509616b38541791
473,540646,49,353,比亚迪,1509236ceb0ec421,1509836ce09eda91
474,433093,49,378,比亚迪,150995617800ad61,150972600dea7451
475,451944,49,349,比亚迪,1509387714e5d2e1,15094876ce0019e1
476,591164,49,347,比亚迪,15095986417df5c1,150999863b85fcb1
477,610164,49,358,比亚迪,150925906359a701,1509729037c981c1
478,599205,49,352,比亚迪,150954b16425afa1,150946b13825cc01
479,590327,49,378,比亚迪,150988c72eda24f1,150944c4092a8a71
480,622516,49,338,比亚迪,150946d69f333f21,150988d68ccefac1
481,564448,49,1309,比亚迪,15091001b14dc621,1509270182d80851
482,433728,49,378,比亚迪,150969a7da030131,150973a80b868831
483,601053,49,358,比亚迪,150929b4cc839a51,150970b4afaa5391
484,641044,49,352,比亚迪,150954b7a0de28b1,150989b7513a9a51
485,635864,49,349,比亚迪,150982e1ec67f5b1,150931e1d15683c1
486,592971,49,338,比亚迪,150988e7c4ae0271,150983e7bdea8af1
487,630841,49,378,比亚迪,150947f8444e5261,150989f7f0e65661
488,493535,49,338,比亚迪,150912f9e03f5391,150936f9dba65471
489,613096,49,352,比亚迪,150949fc4a5ddbc1,150983fc6a3f71a1
490,580195,49,349,比亚迪,15096040cf57bd01,15098440c5236d11
491,540348,49,349,比亚迪,150998448fb42171,150947458b4b2ba1
492,641196,49,338,比亚迪,1509114d80dd48b1,1509754d784e3871
493,625783,49,1309,比亚迪,150998c4c5b8e981,150925c4bc30fff1
494,603499,49,1309,比亚迪,150959d49b93aac1,150941d46a5e7641
495,581315,49,338,比亚迪,15093430be485741,15093430837838c1
496,432880,49,374,比亚迪,150920658e603cb1,15094165803e7391
497,580243,49,374,比亚迪,1509469f4eef2461,1509629f4613fe31
498,607523,49,378,比亚迪,1509958f79e6d5c1,1509968f76b4ed91
499,573441,49,374,比亚迪,150950b82fe7f3b1,150961b827605521
500,579858,49,349,比亚迪,15099502f3a7c851,15095202cacd0921
501,649188,49,342,比亚迪,150960fe01112821,150923fdf8a884e1
502,600038,49,351,比亚迪,1509600ffc546a91,1509600fc14019a1
503,654751,49,374,比亚迪,150945339734b361,150971335be27881
504,464435,49,351,比亚迪,15093767ed30f011,15095167e8b8f001
505,624229,49,342,比亚迪,15091945c2e27781,150919456ad27481
506,638327,49,352,比亚迪,1509835f3f1421f1,1509895f5c92bd81
507,639844,49,338,比亚迪,1509307ce5250d71,1509897ca5d76191
508,388976,49,349,比亚迪,150974e71e870f21,150971e718452681
509,641973,49,338,比亚迪,1509448da3d14161,1509248d8f4389e1
510,637923,49,374,比亚迪,150915c470a86571,150919c421dea5f1
511,429708,49,1309,比亚迪,150990e536434971,150925e503533701
512,660420,49,351,比亚迪,150944f783e37c91,150967f778ca9121
513,664044,49,352,比亚迪,150980e0f1993971,150957e0c6e0e1a1
514,577487,49,378,比亚迪,150941fda3c232d1,150933fd7eb710d1
515,653772,49,351,比亚迪,15094908f47e1051,15093708dd78d901
516,665582,49,1309,比亚迪,1509582b4b28b861,1509692ae983b231
517,627577,49,374,比亚迪,15092850df054ed1,15096350a40b80e1
518,598714,49,374,比亚迪,1509784e223dcd91,1509864df49cfb91
519,644149,49,338,比亚迪,1509406745b35b41,1509906720c3aff1
520,632793,49,352,比亚迪,150971602582b561,150915601e5eb5f1
521,581763,49,374,比亚迪,150953b08308a681,150969b07c4f4181
522,610321,49,350,比亚迪,1509938eebd41c81,1509648e7f9c3051
523,660857,49,349,比亚迪,15092527d0241031,15092927b9e6eb41
524,628058,49,352,比亚迪,15096864ec21aa61,15099164e582b791
525,647446,49,338,比亚迪,15098896822c8c91,150983967acd6591
526,656648,49,351,比亚迪,150935acb9c0b5a1,150951ac47d466d1
527,633781,49,1309,比亚迪,1509727c45b07a81,1509957c3d4c2fd1
528,665476,49,347,比亚迪,1509848b4a6bd9e1,1509538b3f4562d1
529,624156,49,379,比亚迪,1509218e3bc3f591,1509218e1f544ac1
530,608769,49,350,比亚迪,150975b67a213781,150914b64551c0c1
531,669512,49,351,比亚迪,150993d5ca6380c1,150939d58b2d5941
532,668111,49,374,比亚迪,1509450e9ce7f6a1,1509240ec5284841
533,621978,49,1309,比亚迪,150955cb41b29cb1,150963cb199c8ef1
534,621144,49,349,比亚迪,150928cd6e7aeb21,150978cd022aecb1
535,667633,49,352,比亚迪,150957db02215c31,150942dadd944d71
536,637740,49,338,比亚迪,1509290ff0896311,15091610151f5b51
537,598035,49,1309,比亚迪,1509481f4b28e841,1509641ee765ed51
538,666727,49,374,比亚迪,15092648c36ce781,15093448bc876721
539,430159,49,351,比亚迪,1509960ba65dd531,1509960ba03ef8c1
540,638460,49,358,比亚迪,1509871c99d63421,1509611bf89f4401
541,584977,49,338,比亚迪,15097480a4782ed1,150966795e5e4fb1
542,667603,49,342,比亚迪,1509519850a37a31,150945984000ae31
543,670466,49,374,比亚迪,150955b55d666b61,150955b57d330341
544,431560,49,338,比亚迪,150992ba6b56d531,150924ba8c4b4f01
545,672451,49,349,比亚迪,150911d405f39651,150995d4213f0f51
546,455748,49,358,比亚迪,150951f671cbc9e1,150913f668464851
547,662313,49,2468,比亚迪,150956351f50a7e1,15099835148076f1
548,662725,49,352,比亚迪,15099509940dd311,15099709764d5601
549,633799,49,338,比亚迪,15098825e2c632f1,15099725cdc6f931
550,608789,49,342,比亚迪,15091728fe65a2b1,15097028d1bc6fd1
551,651641,49,342,比亚迪,15098394c1b91631,15093394a095c761
552,638395,49,378,比亚迪,150923a6a3dc6b61,150955a683413d51
553,677423,49,338,比亚迪,150932b3f0baef31,150968b3d8666971
554,669149,49,342,比亚迪,150978b15df34a41,150968b13bca6de1
555,666328,49,358,比亚迪,150911b7bb68d351,150918b7b2c5fa21
556,470867,49,358,比亚迪,150966bd4d9ac971,150968bd3a3af701
557,462447,49,358,比亚迪,150970c58a032d11,150917c577cda441
558,655722,49,338,比亚迪,150962d4f2aed611,150985d4ec8e3151
559,567575,49,352,比亚迪,150923fb698b37a1,150931fb4369c2e1
560,566008,49,358,比亚迪,150994385178d201,150970381f05c4d1
561,582479,49,338,比亚迪,150950f824262851,150911f7ff6364e1
562,533211,49,338,比亚迪,15096503d1615331,15091503ca013951
563,559169,49,349,比亚迪,150982147041d1f1,150927144d4242f1
564,667078,49,352,比亚迪,15097956036a76d1,15099355ccce6281
565,667306,49,374,比亚迪,1509736b3e085d01,1509436a361b2041
566,673730,49,378,比亚迪,1509393d11d6a101,1509363ced8ad121
567,641386,49,338,比亚迪,1509834019c09521,1509353fe614bc11
568,635460,49,349,比亚迪,150953a65aa0ac41,150945a635a3c881
569,676963,49,352,比亚迪,150937b03eed2ec1,150911b04840af81
570,644342,49,350,比亚迪,150962ac0e974e71,150939abf1147461
571,675873,49,347,比亚迪,150952d57396a581,150987d5584b9171
572,673010,49,378,比亚迪,150994d3d5b2e381,150959d3b927b601
573,681123,49,349,比亚迪,15093606a6b94b21,1509630693819521
574,512690,49,338,比亚迪,15092223579fafb1,1509762354835011
575,608794,49,349,比亚迪,15096329d321fc11,150993299cbebda1
576,601446,49,352,比亚迪,151044ee54947741,151037ee30b8ffc1
577,604816,49,374,比亚迪,1509155a27e120d1,1509385a1850d101
578,278087,49,352,比亚迪,150984f01db64581,150930f0024e5be1
579,634997,49,352,比亚迪,1509331edf615f31,1509261ec3cd9b31
580,665578,49,352,比亚迪,15097737246d7ea1,15093136efad7661
581,625124,49,349,比亚迪,1509353bd1429b51,1509973bae2a2de1
582,671762,49,358,比亚迪,1509613d92c81bc1,1509973d8e2f2b51
583,577586,49,338,比亚迪,150958459babfe31,1509334590eaf3e1
584,95391,49,352,比亚迪,150998bf107c4cf1,150983bf0b2afd81
585,679329,49,338,比亚迪,15099139b8d9e6f1,1509243998b80e81
586,603265,49,338,比亚迪,1509938f427fc831,1509878f0b408f51
587,678014,49,349,比亚迪,1509789de08ea651,1509799d7c3f3101
588,477799,49,351,比亚迪,150940b09b7a9791,150944b034114c11
589,582688,49,374,比亚迪,150986b44d29e541,150985b44957b351
590,673054,49,338,比亚迪,150981d736a419a1,150984d7157765d1
591,678921,49,378,比亚迪,151053a7f505ad61,151052a7d27d8431
592,685722,49,338,比亚迪,151016bd1ca8aa71,151084bd35e2b6b1
593,655816,49,349,比亚迪,151047cf57e03d31,151085cf4ccdf1c1
594,674932,49,351,比亚迪,15102304478b44d1,15109404432892c1
595,453307,49,338,比亚迪,151055e37bde1ec1,151010e37318c6e1
596,632418,49,358,比亚迪,1510680f322d3091,1510100f173678f1
597,560094,49,352,比亚迪,1510202ab2c12cf1,1510342bf118eed1
598,663455,49,349,比亚迪,1510672ee8760ce1,1510942ed9cd14c1
599,681254,49,378,比亚迪,1510473374925281,151072329dc9c691
600,223411,49,338,比亚迪,1510603ed5064041,1510973ec8161a91
601,628491,49,358,比亚迪,15109140fe0ecad1,15105940e5efbd61
602,678252,49,338,比亚迪,15109275c8b9dcc1,15102275bd0a6281
603,686353,49,378,比亚迪,15103087664f2341,151057875dece491
604,670781,49,342,比亚迪,1510479b3a26d441,1510719956962101
605,674978,49,352,比亚迪,151044e2a9b01631,151024e27bee6f91
606,392229,49,338,比亚迪,151050301b56f551,151094300e1816b1
607,621109,49,358,比亚迪,1510636605a20f01,15106365ddf16451
608,682811,49,352,比亚迪,1510939cf01d5e31,1510409ca97b1fc1
609,687386,49,349,比亚迪,15109910731a1ce1,1510591069a05ad1
610,458107,49,338,比亚迪,151062281398a491,15107727ef68a141
611,660295,49,374,比亚迪,151063295bd6edb1,1510732937c76dc1
612,519483,49,342,比亚迪,151024cb648db021,151022cb9eb53801
613,673471,49,338,比亚迪,151017d3adaa2911,151036d408631741
614,674617,49,374,比亚迪,151011e5e89daf31,151014e5c6e0d561
615,693658,49,379,比亚迪,1510363f2ea7ee21,1510783ed5915361
616,690698,49,352,比亚迪,1510105f07bdd5d1,1510985ede0608a1
617,692707,49,347,比亚迪,151055cbbe1466a1,151072cb8276e151
618,686471,49,351,比亚迪,15101015324d6341,151025135b63d951
619,693479,49,338,比亚迪,1510964cfb4a1561,1510604ce56cbc91
620,686961,49,358,比亚迪,1510986b19234771,1510636af32b1201
621,687149,49,349,比亚迪,15104071856cac91,1510797160bc2e91
622,686801,49,350,比亚迪,151069844ca73a81,1510768443b02891
623,688650,49,378,比亚迪,151033c8b1a7b731,151013c9a450ba21
624,696637,49,1309,比亚迪,151021d6294342e1,151073d62441d991
625,665968,49,351,比亚迪,151045dbc818b941,151094db52336e31
626,692460,49,349,比亚迪,151023f88c7f3ed1,151087f883673001
627,690531,49,374,比亚迪,1510361697b879e1,15104216878bf291
628,685350,49,1309,比亚迪,151069118aec2501,15106411655e3a61
629,697727,49,353,比亚迪,151032538be446e1,1510255349abfe81
630,684552,49,374,比亚迪,1510629d51d091d1,1510559d4c7cc131
631,684020,49,374,比亚迪,151081e9fea6fbc1,151064e9f27acea1
632,679055,49,1309,比亚迪,1510701e009d07e1,1510691eaa96aff1
633,684339,49,374,比亚迪,151032285240a811,151095284d2dbf81
634,684470,49,351,比亚迪,1510402b205c6f41,1510602af67a64f1
635,610836,49,374,比亚迪,151044933704c5b1,151020932dbe88c1
636,692914,49,349,比亚迪,151035bc59794261,151080bc429b9181
637,677266,49,1309,比亚迪,151044d7e9aa1b61,151054d7c6eb5ef1
638,681617,49,358,比亚迪,15107136b2404081,1510873670597151
639,669318,49,378,比亚迪,1510974b99c43961,1510584bc1c9c6d1
640,688433,49,377,比亚迪,1510127184b9f561,15107270b1d5c931
641,704124,49,338,比亚迪,1510208586620831,1510448561db35e1
642,689518,49,379,比亚迪,151054be76946701,151017be35ac72c1
643,419711,49,349,比亚迪,151083cd86031961,151095cd5400a321
644,640324,49,338,比亚迪,1510230e3cefd061,1510250e6c394781
645,696412,49,338,比亚迪,151056380e1f09e1,1510973837a54e51
646,686262,49,349,比亚迪,15106756258c9f51,15105556205233f1
647,687818,49,981,比亚迪,1511911292a3fe91,1511251128cc1ad1
648,708627,49,338,比亚迪,151165f082afd051,151187f0552807a1
649,693468,49,1309,比亚迪,15114351cd4df6b1,151152517f5ecc01
650,670504,49,378,比亚迪,151129ce0408d311,151156cde8139bc1
651,690244,49,349,比亚迪,1511593a82931491,1511303a68d128e1
652,704151,49,1309,比亚迪,151179a95ad2d321,151158a928834581
653,713140,49,349,比亚迪,151199411a43b591,15111540f29b2171
654,669672,49,349,比亚迪,1511636640a58f91,151125663a1d1fb1
655,678736,49,352,比亚迪,151114d7bde7e9f1,151147d13ecf90d1
656,706855,49,1309,比亚迪,15112418cfdcd811,1511431897e4ed31
657,701622,49,338,比亚迪,1511294a3b38c0f1,1511414a195cb0c1
658,705462,49,349,比亚迪,151138808fc0c571,1511118077774a11
659,698161,49,379,比亚迪,151124dd696c34e1,151110dd52d7a601
660,706032,49,352,比亚迪,151173f374a456f1,151136f36dd1cfa1
661,681492,49,378,比亚迪,,
662,668614,49,374,比亚迪,,151165e5f6d4d911
663,681180,49,338,比亚迪,15114646fc05e3b1,15118346a10efe21
664,687408,49,338,比亚迪,1511466204d83e91,151150623c6ca071
665,707269,49,338,比亚迪,1511666ec8354d11,1511976ea268d7b1
666,684765,49,1309,比亚迪,1511759896613d61,15115498932c9e51
667,706907,49,349,比亚迪,151148c958108241,151164c9fb4e4d91
668,685454,49,378,比亚迪,151124d47bc6e8e1,151158d43922f4d1
669,620502,49,352,比亚迪,151152e267a769c1,151125e261685111
670,678906,49,1309,比亚迪,15113903227acdc1,151179031e3fa9c1
671,709353,49,347,比亚迪,151125309eb7fbc1,151169309a033bc1
672,714029,49,1309,比亚迪,1511811fcd0b9341,1511702061d43d51
673,713023,49,338,比亚迪,151160979cb5a021,151180979a2a1e41
674,593768,49,338,比亚迪,1511770d7db17b01,1511280d59669211
675,701333,49,1309,比亚迪,151189f659191501,151142f638e6d301
676,702591,49,351,比亚迪,1511291aabef6131,1511361b52e37781
677,685793,49,374,比亚迪,15112370c92e0a61,15114570bee27581
678,716473,49,1309,比亚迪,151291abc6642481,151289abb5133411
679,709192,49,349,比亚迪,151226aa6f1c1381,151214aa2cab4461
680,703960,49,374,比亚迪,151225fa839d0d91,151279fa80e39a41
681,658791,49,349,比亚迪,151231fb49ba9c21,151258fb3f0f78e1
682,714274,49,351,比亚迪,151242ffa3e067a1,151298ffd95ba9f1
683,716405,49,1309,比亚迪,15125606611d7001,151251065b888d41
684,614299,49,338,比亚迪,,
685,714544,49,338,比亚迪,151251585f7d9601,151232585adced21
686,715831,49,338,比亚迪,1512549579171511,15125895450b5b21
687,664652,49,358,比亚迪,151274a4cc949511,151296a4afcfaa21
688,706750,49,352,比亚迪,15129908d16e3bb1,15125208b6b8c311
689,717455,49,351,比亚迪,1512253fa7b22351,1512913f7c3a69b1
690,716346,49,352,比亚迪,1512317126700751,15123471016834c1
691,712854,49,353,比亚迪,15123283d9b36881,151239838e342fb1
692,717039,49,374,比亚迪,1512548f55e73f41,1512708ecdad5801
693,714729,49,338,比亚迪,151232aed8a0fe61,151292b18b03c0b1
694,717978,49,338,比亚迪,1512979a0040d851,15124099f7ef7191
695,718551,49,981,比亚迪,151286e1b15c1681,151250e1917ed821
696,716509,49,981,比亚迪,1512344d5fcab7f1,1512864cda747331
697,545366,49,981,比亚迪,151285ba83b0e6d1,151213b9df5b8011
698,718373,49,1309,比亚迪,151289c443528d91,151233c41aaa1d51
699,279153,49,349,比亚迪,151298c41a97ca11,151281c3cba09c81
700,719266,49,349,比亚迪,1512212d7d0f2a81,1512642d65449041
701,719384,49,981,比亚迪,1512229e93581071,1512399e5b6a4781
702,717005,49,349,比亚迪,151217a0b3e47fb1,151296a09859ecc1
703,717113,49,349,比亚迪,151246acc574f5e1,151275ac989265e1
704,692766,49,374,比亚迪,151211e8d5b66fd1,151264e89d7ddd51
705,719537,49,981,比亚迪,15123931b0a6b621,1512103155138951
706,719564,49,981,比亚迪,15124331cb48c5b1,151292311e4d1851
707,716839,49,349,比亚迪,1512283f0b31faf1,1512833f2889df51
708,712560,49,378,比亚迪,,
709,719685,49,338,比亚迪,151238f1b15e0061,151259f1ad43a041
710,718164,49,353,比亚迪,1512924c1079e631,1512594be5e50431
711,578520,49,352,比亚迪,1512949fd3839af1,1512909fb6707c91
712,706752,49,351,比亚迪,151214bd5564c5b1,151298bd4cbc8b21
713,719764,49,347,比亚迪,15125120a513db81,151218207fa26e51
714,709236,49,350,比亚迪,151258575ab4dd11,15123749ef6a3cc1
715,720285,49,377,比亚迪,,
716,164516,49,352,比亚迪,151232ad60b83d81,151270ad9dcaa251
717,685922,49,981,比亚迪,1601275da5e4f601,1601525d9fc92711
718,719292,49,349,比亚迪,16018020556bfe51,1601612052e231c1
719,539217,49,349,比亚迪,1601664186dd2a21,1601644178601fc1
720,721114,49,352,比亚迪,16013373f77427e1,160182733945d621
721,720274,49,349,比亚迪,1601357b06d16f91,1601337b02340101
722,721561,49,349,比亚迪,16017188b80d3ee1,160158897014c5c1
723,720409,49,1309,比亚迪,160173cde9bc9f11,160192cdcf8b4e61
724,708218,49,378,比亚迪,1601842ec011b841,1601802ea3369571
725,567011,49,351,比亚迪,160134f9cb37a9d1,160183f9a522b3d1
726,717594,49,352,比亚迪,1601194cb6d95df1,1601564c024647d1
727,638912,49,351,比亚迪,,
728,722860,49,338,比亚迪,1601444cfa1d8db1,1601824d16c83ca1
729,721932,49,338,比亚迪,16013894faeaaa41,16013094f71fd2f1
730,721499,49,349,比亚迪,160166b2af3697a1,160148b2ab089481
731,721912,49,358,比亚迪,160157b5ce9cf0d1,160140b5bf8c7a41
732,675292,49,352,比亚迪,1601295507736aa1,160163552b156af1
733,512412,49,342,比亚迪,1601401a9f3c40c1,1601121a9a875211
734,367984,49,347,比亚迪,160180b512360a91,160128b53f6cee01
735,720368,49,374,比亚迪,160117e8cc9ac971,160178e8c2c78911
736,609012,49,338,比亚迪,160170f6be48fc71,160143f69803e1c1
737,714850,49,379,比亚迪,160178e976f02f01,160127e949d8e791
738,722098,49,358,比亚迪,160131ef7002a051,160125ef4c1f8051
739,412087,49,374,比亚迪,16013476db02c4c1,16013376d0cf64f1
740,598832,49,338,比亚迪,16013993bea768d1,160185939484ac81
741,689250,49,349,比亚迪,1601107b94d0fdb1,1601587b6aa58de1
742,679478,49,349,比亚迪,160182a110be4e21,160197a0f52ca741
743,78795,49,349,比亚迪,160191bbd3ce4e31,160192bbcb058c31
744,718307,49,358,比亚迪,160142f97a1433e1,160171f97812dfb1
745,600069,49,1309,比亚迪,16012148624e56a1,160115488cda8441
746,724804,49,352,比亚迪,160116a2d08d4571,160114a2ab6d4c71
747,724975,49,350,比亚迪,,
748,400966,49,349,比亚迪,160196f09f4af151,160154f0963a6e41
749,716379,49,338,比亚迪,160143918b2184d1,1601459179114301
750,723350,49,374,比亚迪,16018951c9550981,16014251ac625b71
751,725449,49,349,比亚迪,16014164a39049c1,160180649f206171
752,592913,49,349,比亚迪,16014778050917a1,16013977d38a4011
753,683866,49,372,比亚迪,160295e85ea1d961,160245e815a21891
754,611582,49,351,比亚迪,16024178fe424f11,16028378f88095c1
755,714815,49,358,比亚迪,1602683e28be7141,1602363e23942291
756,725485,49,353,比亚迪,160259273c2f1e01,1602462694719b71
757,271906,49,1309,比亚迪,1602137ec0c0d371,1602357ed797de81
758,688912,49,374,比亚迪,160299d1433919a1,160219d13bf17af1
759,566495,49,2468,比亚迪,160274d50f058bb1,160286d50ab7dfb1
760,721620,49,378,比亚迪,160287013e061811,1602590139686711
761,724633,49,378,比亚迪,1602624b67249311,1602254b8184d841
762,726023,49,352,比亚迪,,
763,726010,49,374,比亚迪,1602135cabe34d91,1602385c774148e1
764,684002,49,374,比亚迪,1602390e9f936cf1,1602710e97892d11
765,724810,49,338,比亚迪,160212fbce7fe2d1,160290fbad16a7c1
766,676596,49,378,比亚迪,1602470bf05dbf31,1602830c0f6527e1
767,728106,49,338,比亚迪,16024088139820e1,16026587f68a7e91
768,715733,49,374,比亚迪,16024212b9a80a51,16024612ac5a7911
769,542140,49,374,比亚迪,160282598963f391,160282597ddb29c1
770,689906,49,374,比亚迪,160272d8855ea571,160245d8a548db11
771,544992,49,374,比亚迪,16028203235cf2a1,1602610306633cd1
772,720529,49,352,比亚迪,1602883d7b43e061,1602363d73a90891
773,726772,49,338,比亚迪,1603959b157a3371,1603249b0d82e1c1
774,726562,49,353,比亚迪,1602234ee63d2671,1602894ec43bd221
775,530681,49,372,比亚迪,160282df228829f1,160299df1a6a7f81
776,725889,49,338,比亚迪,1602130c9d27b081,1602720c9770c411
777,700961,49,347,比亚迪,1603681f4e599c41,1603511f29d35e41
778,729133,49,352,比亚迪,1603645e7c76ea11,1603295eba3d9881
779,720377,49,374,比亚迪,160313f7307e10e1,160388f7282d6171
780,573982,49,349,比亚迪,16038550d41d26c1,16032051028690f1
781,731888,49,338,比亚迪,160359a236ebd301,160343a22dda6281
782,730945,49,379,比亚迪,160361323c225b81,1603223172164e11
783,680576,49,378,比亚迪,1603536146d609c1,160350612a921cd1
784,730175,49,378,比亚迪,1603367bbb06ac51,1603797b83b58741
785,732505,49,351,比亚迪,1603287d1840e3f1,1603777caf23e461
786,478817,49,342,比亚迪,1603442a067584f1,16035129e5a97ff1
787,729551,49,351,比亚迪,160358fc6b079251,160336fc429f4b31
788,734023,49,378,比亚迪,160356114bd933e1,16039711200b7f21
789,734640,49,379,比亚迪,16033605271d5f51,16033205015ee871
790,713509,49,352,比亚迪,1603254cce018d01,1603814ca1c42c91
791,732599,49,338,比亚迪,16032478428c1361,16033678215567a1
792,733659,49,351,比亚迪,160359a2e2ce0d01,160326a9751b63c1
793,735337,49,378,比亚迪,160378547acb01d1,160338543db79d81
794,730606,49,338,比亚迪,1603576b44b8cd71,1603316b292ca1f1
795,732738,49,20144,比亚迪,16032693ae516341,1603999359071b61
796,731374,49,352,比亚迪,160383b6404c5371,160399b65b6efca1
797,689039,49,352,比亚迪,16031408bb0b5fc1,16031108a014ade1
798,734919,49,349,比亚迪,1603660a9527ba61,1603230a7fc753b1
799,727563,49,379,比亚迪,160382166108aca1,1603331688f1a281
800,224190,49,352,比亚迪,16033130e4d61eb1,16037430df1fd361
801,731052,49,352,比亚迪,16034860879eee41,1603786082c4c591
802,687743,49,338,比亚迪,1603656bb3b67e91,1603226b9c005cd1
803,735772,49,374,比亚迪,160342ba64202161,160363ba5b22d111
804,735907,49,374,比亚迪,160356bca10b3ac1,160393bc6ad0a8d1
805,500769,49,351,比亚迪,160327b03da1c771,160378b022e96b51
806,736295,49,349,比亚迪,160358bfc36d0a61,160395bfa7c382c1
807,736015,49,349,比亚迪,16045906ea498a31,16042506c73e1851
808,737205,49,374,比亚迪,160457ea105392c1,160445e9ba82bc51
809,735274,49,379,比亚迪,160430f16faffd71,160454f157b24801
810,735908,49,353,比亚迪,160438ff7a7f0421,160488ff75092321
811,737809,49,349,比亚迪,1604977f94159041,1604937f92b13181
812,554644,49,1309,比亚迪,16042440dace3111,16042740bf2c39e1
813,363456,49,351,比亚迪,1604456c522dadf1,1604946c340b41a1
814,731156,49,338,比亚迪,1604417b6bc0cc61,1604277b4ee8fa51
815,736194,49,374,比亚迪,1604408e737802d1,1604788e6b1ddd61
816,731592,49,352,比亚迪,160438a88d1202c1,160411a8af0f1f61
817,729989,49,378,比亚迪,1604520fbe1c4901,1604790fb740b8a1
818,723985,49,349,比亚迪,1604502c41610c11,1604122c65182331
819,734360,49,353,比亚迪,1604605919592591,16041558d71835e1
820,729391,49,379,比亚迪,160481886e1d7ba1,16045688625af141
821,735330,49,349,比亚迪,160469bed9c2a5e1,160484bebc520221
822,732492,49,349,比亚迪,160414cb700511e1,160457cb46a17af1
823,734779,49,338,比亚迪,160489ec7b38e061,160455ec44a2d591
824,715190,49,379,比亚迪,16049628dc4957f1,16046928d7bbe9a1
825,738010,49,379,比亚迪,,
826,734555,49,379,比亚迪,1604981085aa99a1,160414107e060b21
827,727989,49,981,比亚迪,16042936831ba381,160483365b8835b1
828,739084,49,338,比亚迪,16044866291dac21,16042465f8bfc8a1
829,722774,49,379,比亚迪,1604499cd2de5681,1604879ccd7e8801
830,731685,49,349,比亚迪,160437eb55d274f1,160437eb4b978f51
831,739325,49,352,比亚迪,16042823cf07dfd1,16046023bb7feee1
832,740990,49,349,比亚迪,160485d3a7711ea1,160410d419b034e1
833,413735,49,338,比亚迪,160481c5a5d8e761,160458c566ca48b1
834,717321,49,1309,比亚迪,160446adccd51211,160491adbdd8f0b1
835,134041,49,352,比亚迪,1604840a80879c81,16042409e87ab141
836,739448,49,378,比亚迪,16041782f702c5f1,16044882f34672a1
837,718607,49,379,比亚迪,160457b18746cd01,160489b180b2db51
838,742109,49,378,比亚迪,160446a8cccea0c1,160478a8c5530271
839,739684,49,349,比亚迪,160494e4671d8cd1,160451e456dc8f41
840,726099,49,338,比亚迪,1611512419dbdd81,1611522412a76671
841,742479,49,378,比亚迪,1604115269300801,16042152be602601
842,316185,49,352,比亚迪,160453854d122461,1604558586761401
843,734551,49,338,比亚迪,1702497d28320911,1702867d22dd1821
844,737681,49,378,比亚迪,160414047e2e0341,16043304603e5d11
845,707176,49,338,比亚迪,16047341b65ef951,16043742e07f5971
846,733209,49,374,比亚迪,1604312af7c72391,1604502af2412321
847,723946,49,379,比亚迪,1604139737e63be1,16041298681500d1
848,738786,49,353,比亚迪,160460b1a0702ab1,160452b16bab9aa1
849,739081,49,338,比亚迪,160444bcb58e1c61,160468bca41c1b91
850,739113,49,358,比亚迪,1604293e8c3c5431,1604323ec0a57c71
851,741900,49,20144,比亚迪,1604114674b309c1,160450463fa8a831
852,737372,49,374,比亚迪,160519fd155b9dd1,160531fd0ec9aa61
853,737972,49,379,比亚迪,1605491faec612a1,1605251fa6f169b1
854,744929,49,20176,比亚迪,16052392e65e4be1,16053392e1746721
855,720525,49,349,比亚迪,1605327656168c71,160598763a7203d1
856,742313,49,351,比亚迪,160585024ff20131,1605740243bd6e01
857,739198,49,358,比亚迪,1605185d3ea3f201,1605855d22804511
858,451562,49,338,比亚迪,1605387fac8ea3e1,1605487f6b1de381
859,520937,49,338,比亚迪,160555e2a3c0e791,160565e28acbefb1
860,53299,49,352,比亚迪,160584ce2f322b11,160589ce0a6c6aa1
861,743314,49,349,比亚迪,1605331e7b4428f1,1605181eafcac4d1
862,716852,49,358,比亚迪,160528cbbb63d1a1,160544cbc1f00cf1
863,729295,49,352,比亚迪,16057814ca323a01,16057014b41f6611
864,745792,49,374,比亚迪,1605621905eea561,16052019013df191
865,742288,49,374,比亚迪,160523651267a2a1,16051665314276d1
866,746673,49,358,比亚迪,16054776bae97191,16052776da7cd2c1
867,743361,49,338,比亚迪,160588a6f92a4f11,160587a6e48d2361
868,744121,49,342,比亚迪,160581e4e2729ef1,160538e4dd595e21
869,730673,49,379,比亚迪,160510c56c1c5881,160527c53d943911
870,745416,49,350,比亚迪,160547a5b11e4071,160511a5aa0df651
871,745535,49,374,比亚迪,1605262f7d2dcc21,1605742f647e7dd1
872,743680,49,379,比亚迪,160582745a729f11,1605687454dee411
873,715943,49,358,比亚迪,160545b4b6760cf1,160534b4dbb1e201
874,747244,49,349,比亚迪,160596ec7a0bb8d1,160556ec560ecab1
875,746276,49,349,比亚迪,1605610303a01d21,16051802d2b01711
876,746401,49,358,比亚迪,1605432322162861,16058922fe6f4cd1
877,746017,49,358,比亚迪,1605524724f26321,16053946fe76e121
878,737281,49,352,比亚迪,1605838362425351,160581835cb8d721
879,747339,49,353,比亚迪,160576cdc04d3d81,160510cdbaa6ecf1
880,745090,49,20144,比亚迪,160577e2e01d1741,160575e2c06d43a1
881,745225,49,374,比亚迪,1605940d74121231,1605170d5a5c5ab1
882,668768,49,338,比亚迪,16057626d0256b41,16057726ba438291
883,747357,49,352,比亚迪,160552d9438af4b1,160551d977988001
884,731157,49,379,比亚迪,1605623100ba2a61,16057030d3001a11
885,748343,49,338,比亚迪,160569884d6ae8a1,160587882f504ad1
886,733709,49,379,比亚迪,160543b4eb7e72c1,160585b5eb612271
887,744224,49,351,比亚迪,160569fd6f30cec1,160542fd4f203761
888,614551,49,358,比亚迪,,
889,741385,49,374,比亚迪,1605301e2296b891,1605411be2ae3681
890,746001,49,1309,比亚迪,1605317467589aa1,1605327486531011
891,748228,49,379,比亚迪,160516aeb2e969a1,160568aeac5840d1
892,735390,49,349,比亚迪,160514b552ab1731,160570b54bbe4fa1
893,744542,49,338,比亚迪,160526f8f109bea1,160530f8ead63b11
894,747805,49,342,比亚迪,16059160c04e91d1,16052760e18caca1
895,748984,49,352,比亚迪,1606858b35a88581,1606998ac44c8c01
896,749059,49,349,比亚迪,160687d0b26087c1,160617d095c711a1
897,750244,49,338,比亚迪,160612d1f3738db1,160617d21893e091
898,750305,49,378,比亚迪,1606122e44020721,1606452de6dbef61
899,747182,49,347,比亚迪,16064747c530dcd1,16067847a112e051
900,748863,49,379,比亚迪,1606798376d6efc1,160689834de7d711
901,750098,49,342,比亚迪,160668c66833c421,160661c660040b91
902,747365,49,358,比亚迪,160610e2c2d29db1,160642e2bb9415e1
903,731722,49,358,比亚迪,160651fcc100dd21,160616fcb91a7d91
904,744835,49,378,比亚迪,,
905,747662,49,374,比亚迪,,
906,719547,49,342,比亚迪,160699c3cbc0ac01,160633c386bc5691
907,719547,49,342,比亚迪,,
908,707140,49,338,比亚迪,1606927fb11eeea1,1606587f05a9b461
909,743204,49,378,比亚迪,160691997ab1f391,16061399759a0421
910,727562,49,352,比亚迪,1606119eaf6180b1,1606649e8fd39e71
911,744514,49,379,比亚迪,160670b9ec5dac61,160684b9e549a181
912,719969,49,349,比亚迪,160685c8eb7e2751,160666c8e59a5861
913,748614,49,374,比亚迪,160687ee72c24821,160673ee6dc53451
914,720131,49,352,比亚迪,160632f1237696f1,160683f0e85c1191
915,534988,49,351,比亚迪,160615183f17dfc1,16069118385c6a91
916,748067,49,374,比亚迪,160641aae65b5b11,160655ab3f0212a1
917,751492,49,377,比亚迪,160667e2e7d5fce1,160612e2ff915861
918,742193,49,338,比亚迪,1606240660725671,1606650602b2de31
919,744546,49,377,比亚迪,16068328d1c85921,16064128cdeedbb1
920,724113,49,379,比亚迪,1606314630068161,1606534649446b01
921,730972,49,374,比亚迪,16068096b253e731,1606879695877321
922,747158,49,379,比亚迪,160651df61e84c31,160628df42d51751
923,745732,49,374,比亚迪,160625f0b57ef851,160646f086bf1441
924,728649,49,379,比亚迪,1606800417359381,1606960412e68041
925,750925,49,378,比亚迪,16062811c0631e71,16066211dd7e29b1
926,749382,49,338,比亚迪,1606324e174bae51,1606234dfd5e2b81
927,749471,49,20176,比亚迪,160699c6b90b0571,160640ca413dcde1
928,751697,49,378,比亚迪,160694f1b66f6e11,160681f1b1127ab1
929,743101,49,374,比亚迪,1606911a837dd0b1,1606841da81e8441
930,749970,49,338,比亚迪,160643247f3d2b11,1606832420ed8d31
931,752042,49,338,比亚迪,1606383066769451,160677304967c381
932,726712,49,352,比亚迪,16066136714fe291,160626364f2982d1
933,751070,49,378,比亚迪,1606118b52e91a21,1606898b71da8e01
934,752726,49,349,比亚迪,1606778b8d88e111,1606918b6f4bebd1
935,749675,49,338,比亚迪,16064390feda9561,16066790e9d3d021
936,752281,49,374,比亚迪,160640bceb987431,160633bce3f2a1f1
937,749556,49,378,比亚迪,160660c594133dc1,160643c58ed5cda1
938,751880,49,374,比亚迪,160611d0b3d89ed1,160626d08d8febc1
939,752764,49,374,比亚迪,16066237d227c551,16069937bd14ff71
940,665756,49,349,比亚迪,160695653c257611,160633653408aa21
941,753386,49,352,比亚迪,16066815d9942761,16062715a3ba7a11
942,752844,49,349,比亚迪,1606937a32ac0e61,1606257a13c56f21
943,751980,49,352,比亚迪,16068850503edcc1,16062650343f2f01
944,752316,49,352,比亚迪,160658bc40701b11,160656bc395511b1
945,719657,49,338,比亚迪,160640c72076fc91,160665c709eeca71
946,753705,49,378,比亚迪,160656f83ce14581,160678f824594421
947,753097,49,338,比亚迪,1606483c38e1d4f1,1606853c0e3f7c11
948,719286,49,374,比亚迪,1606136efb4d3891,1606326ef5e4efa1
949,733932,49,379,比亚迪,160613fa3223f721,160634fa2f4bd311
950,746378,49,349,比亚迪,16061602dd72a211,16067702d28ef171
951,755133,49,351,比亚迪,160739f8edaa9961,160794f87f32d431
952,755649,49,342,比亚迪,1607620523cd5161,160760052a179b91
953,749870,49,374,比亚迪,160790662902bc01,160792660e1e3801
954,732124,49,338,比亚迪,1607859750056531,16076797755f1891
955,755194,49,379,比亚迪,,
956,751533,49,338,比亚迪,160752a9dccecc81,160786aa691e4c91
957,752818,49,378,比亚迪,160780ece495eab1,160743ecfa987a31
958,750100,49,378,比亚迪,160776afa3e22391,160793af86b11001
959,756265,49,374,比亚迪,160713045f063b31,160728041f7fd3a1
960,552891,49,342,比亚迪,160711017e3cba01,16071101790eb0e1
961,756157,49,352,比亚迪,160745181906a6b1,16078218069649e1
962,754702,49,349,比亚迪,1607460f8df217c1,1607690f735f6651
963,755845,49,379,比亚迪,16071410ef864161,16073410e8aa7891
964,754913,49,379,比亚迪,16078462ea219311,160785630ec47f81
965,755743,49,379,比亚迪,16075087f16ec6f1,16076187eb62dfa1
966,749531,49,20176,比亚迪,160760f804b2d731,160755f7ff5bb671
967,756645,49,349,比亚迪,16078490930e5b91,1607359079ee5841
968,728210,49,338,比亚迪,160734ac57508531,160798ac2fab3831
969,756440,49,374,比亚迪,160716e65eccf4a1,160784e65b93c631
970,757521,49,338,比亚迪,16074957ab9ccd51,16076357c18dc2d1
971,757727,49,358,比亚迪,1607706158c26c21,160786614de43db1
972,755593,49,379,比亚迪,160748724d14cbc1,16071772621463e1
973,688909,49,1309,比亚迪,16071185812f7101,16073485585501b1
974,754680,49,379,比亚迪,160782e301917531,160753e3229ff181
975,362101,49,358,比亚迪,160722ec8e37f791,160755ec8c980361
976,746546,49,379,比亚迪,160741ebcba0d0e1,160728eb9b1d68e1
977,756797,49,374,比亚迪,1607980423d97b21,160742041d79b751
978,754967,49,379,比亚迪,1607526a051e4971,1607776a00bdaf31
979,728991,49,379,比亚迪,16077881a779ea11,160744819310ba81
980,758523,49,374,比亚迪,1607443e9d9dfbf1,1607383eba27cc31
981,757342,49,379,比亚迪,16072599336a5f51,160730992c73a221
982,756593,49,349,比亚迪,,
983,754557,49,349,比亚迪,1607499628666df1,16079095dbda1951
984,727947,49,338,比亚迪,160723a8fcc99b01,160753a8f6b40811
985,750373,49,20176,比亚迪,160749b06a995cf1,160737b0386a5271
986,758744,49,351,比亚迪,160721220d996c71,16073621f847eab1
987,758933,49,338,比亚迪,1607677295c5eb21,16073972836f5f41
988,758537,49,379,比亚迪,160742eb63230f61,160753eacd6cf101
989,752590,49,378,比亚迪,160793af51673721,160734af29c11d81
990,728509,49,358,比亚迪,1607471c854fb841,1607341c71bd06a1
991,492961,49,378,比亚迪,160762269e641521,16075826b0dceb71
992,604258,49,374,比亚迪,160785b8a16f3b41,160769b89b3849a1
993,746028,49,374,比亚迪,160893236472d721,160884234b7f79a1
994,758358,49,347,比亚迪,,
995,752498,49,351,比亚迪,1608418366d13621,160898836b2f7821
996,720084,49,1309,比亚迪,160856caff0d5221,160834cae2c5ce01
997,760572,49,374,比亚迪,16081305b4e10171,16088505b12692b1
998,760775,49,338,比亚迪,1608202b6d522e61,1608282b54ee87c1
999,739818,49,338,比亚迪,1608143d0a663411,1608953d05d570c1
1000,721977,49,352,比亚迪,1608796c0406e351,1608106bacc166f1
1001,760106,49,20165,比亚迪,160861f9fde19371,160814f9f1d7ee41
1002,393950,49,338,比亚迪,1608625217497ef1,1608935203699801
1003,762306,49,378,比亚迪,160815b8c2151a01,160849b89b23f581
1004,762680,49,374,比亚迪,160899e4f831c731,160854e4e391d5b1
1005,761102,49,20206,比亚迪,1608611bee497a41,16094457a60f1211
1006,761921,49,374,比亚迪,1608287cbe4c2da1,1608477cd14b22b1
1007,737942,49,358,比亚迪,1608606d4b6772e1,1608586d45afea51
1008,762695,49,378,比亚迪,160831de049168f1,160816dde7b73aa1
1009,761771,49,378,比亚迪,1608517ba6cbe691,1608557b9d47d071
1010,759914,49,353,比亚迪,160865a70b616641,160813a73b730d11
1011,763432,49,349,比亚迪,16085299ff559621,1608519a21c9c061
1012,760761,49,374,比亚迪,160875ce12208b61,160875cdfd223211
1013,755053,49,358,比亚迪,160822d516b093b1,160846d4d6ed0771
1014,763231,49,351,比亚迪,16088419c1f19e51,16081019a5911531
1015,762284,49,352,比亚迪,1608283fe64146d1,1608423fb1e6d501
1016,763849,49,378,比亚迪,160854622161e3a1,160844623aeee811
1017,763068,49,338,比亚迪,1608776364e59cc1,160853635e8dffb1
1018,722809,49,379,比亚迪,1608377d2adec1f1,1608237d47903fd1
1019,753671,49,352,比亚迪,160854a488719961,160834a4b2a53791
1020,752783,49,1309,比亚迪,1608986ca2518bb1,1608406c87372e91
1021,765263,49,379,比亚迪,160888731bc28221,160851731a622441
1022,757563,49,338,比亚迪,160836a92fe80e51,160864a913b12351
1023,764074,49,358,比亚迪,160947c3af70e481,160926c3815223e1
1024,765016,49,981,比亚迪,160920d4a46cb921,160995d4064a07e1
1025,766371,49,20176,比亚迪,160946cc9120d831,160949cc665c2f81
1026,757447,49,349,比亚迪,,
1027,759655,49,374,比亚迪,160913fd725419d1,160925fd575e9041
1028,758174,49,338,比亚迪,16091345507041d1,160989451c109091
1029,763987,49,372,比亚迪,160976a30b489501,160988a2f37c9621
1030,762539,49,379,比亚迪,160946a1929b0521,160945a17e85bc11
1031,761679,49,379,比亚迪,160955d2d35501a1,160988d273d8d851
1032,763841,49,374,比亚迪,160935d6d7563341,160942d6c967c2f1
1033,766322,49,338,比亚迪,160934c23273db01,160939c25b4b73c1
1034,767136,49,379,比亚迪,160959ddba9e72f1,160946ddb2a15e41
1035,717190,49,347,比亚迪,160934148ca267f1,16094114861de711
1036,725968,49,351,比亚迪,1609374ce2f40021,1609534ccb4de561
1037,762358,49,352,比亚迪,160913f93b929361,160935f91116e3f1
1038,765696,49,351,比亚迪,160984c9fc9b0f31,160948c9f5281b41
1039,767831,49,20176,比亚迪,160953606ae37ef1,16093460423adfd1
1040,767242,49,338,比亚迪,16095676a47b1291,16097076dbe9c1f1
1041,767489,49,374,比亚迪,16097580e13becb1,160970809079bcc1
1042,768609,49,358,比亚迪,160939b4d4987c81,160976b4b23258f1
1043,765032,49,379,比亚迪,1609183022bb1f81,160974332cf2ada1
1044,763000,49,379,比亚迪,16093260fd268bc1,1609316117af5c61
1045,767235,49,379,比亚迪,16092678ea8497c1,16091378bb99a1a1
1046,26836,49,338,比亚迪,16094188be817341,1609488887efb281
1047,767772,49,379,比亚迪,160943c0f2cacf01,160911c0f0177071
1048,768272,49,379,比亚迪,160999f73a84ed61,160958f744250171
1049,765888,49,374,比亚迪,160932dcba99bb41,160971dcb8ab0631
1050,726706,49,374,比亚迪,,
1051,759023,49,374,比亚迪,1609112ed65d7321,1609212eb8a89451
1052,769121,49,379,比亚迪,1609131f3e36c381,1609381f28852b11
1053,769067,49,379,比亚迪,160931443163e5c1,160917441a214841
1054,763977,49,379,比亚迪,160980d8942823b1,160984d86e7e37a1
1055,769762,49,349,比亚迪,160941ea89a204f1,160928ea772ee741
1056,764216,49,349,比亚迪,16095764499979d1,160927643a3a3f61
1057,735557,49,374,比亚迪,16097105d4811f21,16091405cde765a1
1058,767726,49,374,比亚迪,160930654a5e5211,160994654718da11
1059,767301,49,349,比亚迪,16092093c475e071,16097593c24a5041
1060,769917,49,20176,比亚迪,,
1061,756120,49,349,比亚迪,160941088f8c6141,16099308ad12cd31
1062,761574,49,374,比亚迪,160948b348e0b4d1,160984b3468a64f1
1063,769199,49,379,比亚迪,160955f2bcf157c1,160947f29dd624f1
1064,758034,49,351,比亚迪,1609153a17c70021,16096739fe5c5631
1065,765872,49,379,比亚迪,16092861dfc6b2b1,16094561ca511d81
1066,468662,49,358,比亚迪,,1609421a34c2d681
1067,764584,49,378,比亚迪,1609916e4f0d5f41,1609636e36c5a5b1
1068,763546,49,374,比亚迪,16099085d59946c1,16094385cd0b9fa1
1069,764791,49,20176,比亚迪,160972a200d28db1,160933a1db164851
1070,771160,49,358,比亚迪,160985dbbe83e431,160985dba5ec40e1
1071,770373,49,378,比亚迪,160932e0eeeee4a1,160939e11165b5c1
1072,770415,49,349,比亚迪,160981e55507aa31,160987e53fa3c3e1
1073,772414,49,350,比亚迪,1609190e4f746c61,1609350e48b43671
1074,744163,49,338,比亚迪,1609571f364e3571,1609921fd6093d71
1075,761671,49,351,比亚迪,1609143086912fe1,160966307400edd1
1076,772399,49,377,比亚迪,16096145f1434eb1,160946508e0e2311
1077,772458,49,378,比亚迪,1609257fe99e5351,160947800a743331
1078,772469,49,338,比亚迪,1609969ef30bb7a1,1609819eeecba3a1
1079,769213,49,347,比亚迪,,
1080,772427,49,20165,比亚迪,160990e18d9add51,160928e16ecde921
1081,770810,49,20176,比亚迪,160916ebd5e95f41,160933eba9991b71
1082,768720,49,338,比亚迪,160988eded79db81,160993ee017a8351
1083,757167,49,374,比亚迪,16095514aca15791,16092114a8063891
1084,769735,49,374,比亚迪,1609831eea0b2041,1609641ed126bf61
1085,767227,49,374,比亚迪,160972224bd66d31,1609612246e9e001
1086,771730,49,347,比亚迪,1609496ab76ce161,1609936aaccaf0f1
1087,771378,49,374,比亚迪,1610712b48670931,1610322b31823041
1088,772380,49,374,比亚迪,1610242b62b9e6d1,1610352b63d15571
1089,762250,49,379,比亚迪,161043c87ec36321,161055c844b10bd1
1090,763541,49,349,比亚迪,16103677ad37e1f1,16109277ee580c61
1091,770502,49,374,比亚迪,1610847ab6e3f331,1610637aa2503ee1
1092,471390,49,377,比亚迪,1610327ff3e8ca71,1610617ff0856491
1093,772634,49,338,比亚迪,16103293846ab651,1610269376613541
1094,771207,49,374,比亚迪,161056abf6e2d9f1,161018abe3803411
1095,768534,49,379,比亚迪,161063f9ad2b0191,161039f97f49fba1
1096,764111,49,342,比亚迪,,
1097,320493,49,342,比亚迪,161025f9d537bd31,161037fa2fbe9cd1
1098,656624,49,349,比亚迪,161086f9b88e9c61,161065f99f6f4b31
1099,762133,49,374,比亚迪,16107314b895a551,16106414a2e0e7a1
1100,761932,49,374,比亚迪,161073728765d031,1610547271a104f1
1101,766321,49,379,比亚迪,161075158ccae591,1610701585bd83d1
1102,409542,49,374,比亚迪,16102125f0e3bdc1,16105525eb340ed1
1103,772015,49,374,比亚迪,161054fd9a65ad81,161075fd950bbe41
1104,774929,49,352,比亚迪,1610468465c729b1,161034796a170e11
1105,773116,49,350,比亚迪,16101994f37e8c61,16102894ee13f321
1106,774601,49,378,比亚迪,161079b3e7969361,161016b3d2826b81
1107,745723,49,338,比亚迪,161018de06695691,161044dd8c6485b1
1108,774519,49,20176,比亚迪,1610521e6ada2361,1610171e4a9351f1
1109,770545,49,374,比亚迪,1610144b18ec8d41,1610114b16919351
1110,775058,49,378,比亚迪,16107058935aeb31,16103558aa068991
1111,774563,49,378,比亚迪,16103056992bee41,16104556691d7591
1112,769686,49,981,比亚迪,1610916ea7867af1,1610366e84e82de1
1113,773326,49,338,比亚迪,16102214785f7ec1,161025148f8c4c91
1114,766017,49,374,比亚迪,1610323a814c9431,1610193a73747b21
1115,774907,49,338,比亚迪,161093489dd62771,1610334ccf69a351
1116,733287,49,374,比亚迪,1610405eef5c0c91,1610235e45071a61
1117,774044,49,338,比亚迪,161096142fe42fe1,1610271425db3f21
1118,772649,49,338,比亚迪,161041b0bc349761,161030b09dc7e6b1
1119,776048,49,378,比亚迪,161060ed503bd8e1,161074ed4c47c3a1
1120,775314,49,349,比亚迪,16106053164b9201,16104853144ea921
1121,773194,49,338,比亚迪,16106273da680bd1,16104073edb554c1
1122,765055,49,379,比亚迪,16108493b8296881,161064938d5c6f51
1123,775346,49,353,比亚迪,161061c80f803c01,161092c8346be6d1
1124,775768,49,351,比亚迪,161025c3a520d151,161052c3b8b06091
1125,769561,49,374,比亚迪,161047ed46540951,161019ed6e232081
1126,774785,49,377,比亚迪,1610440cfb276261,1610700d22e9e101
1127,777274,49,358,比亚迪,16103013451240f1,16109413170bdaf1
1128,763282,49,379,比亚迪,1610614a19688c11,16102849ea079841
1129,778595,49,351,比亚迪,161172160d69bd91,16111115ae8d58d1
1130,776398,49,20144,比亚迪,161148443b3c5921,161174445278b591
1131,773979,49,338,比亚迪,161190f37da56c11,161183f37b4240e1
1132,779211,49,378,比亚迪,161137f8869f3a21,161170f860c2c851
1133,759407,49,379,比亚迪,16111123328bc451,1611922322bf9281
1134,771426,49,352,比亚迪,161191776a8aeb31,161183775f88aad1
1135,777758,49,379,比亚迪,1611422f7225aff1,1611202f6ce23701
1136,777553,49,338,比亚迪,161144f7638422f1,161183f740ab1941
1137,779155,49,374,比亚迪,161188d8acdb81a1,161130d8bbef91c1
1138,780568,49,374,比亚迪,1611191d269c2ff1,1611691cfcc9dde1
1139,775854,49,379,比亚迪,161143a98f74a861,161199a9781400d1
1140,776678,49,379,比亚迪,1611511305d17f81,16115812fa0d29d1
1141,779418,49,20165,比亚迪,1611799ad1a242f1,1611639aa86f4851
1142,766427,49,378,比亚迪,161111e590331221,161115e56fae4b41
1143,781507,49,358,比亚迪,161143bfdd9a23a1,161197bfffbd9501
1144,779464,49,352,比亚迪,161114c983903861,161198c97ec251a1
1145,781091,49,351,比亚迪,161161e62820cc61,161199e620407e11
1146,111975,49,352,比亚迪,1611990e3e8bcc51,1611190e7742e621
1147,778918,49,379,比亚迪,16111166cc894881,16114766b3b2b1a1
1148,781975,49,378,比亚迪,,
1149,782266,49,378,比亚迪,16117193956b2be1,161122936ccaaf51
1150,777386,49,353,比亚迪,1611791ba114cde1,1611591b93529eb1
1151,782541,49,20176,比亚迪,1611422bed883691,1611242babe327a1
1152,781995,49,349,比亚迪,161184335ab9e7f1,1611503344590b21
1153,776584,49,374,比亚迪,1612582367f1cfa1,1612282362394d21
1154,779909,49,379,比亚迪,161264d5adc4b301,161281d597e92241
1155,783541,49,374,比亚迪,1612536945eee931,161275693a4f22e1
1156,784109,49,349,比亚迪,1612846b4c17e941,16128070d4f32b11
1157,671003,49,349,比亚迪,1612507a3c58a011,1612717a20802d51
1158,782595,49,342,比亚迪,161257d4248855d1,161272d40c8c90d1
1159,772977,49,358,比亚迪,161222cdf8083e41,161210cdc82bdd01
1160,739025,49,338,比亚迪,161295d88c6bbbc1,161252d88a417e01
1161,784411,49,338,比亚迪,16129418727ea301,1612271890063c31
1162,782932,49,352,比亚迪,1612672a0ba56501,16121429e78bf4a1
1163,766226,49,349,比亚迪,1612893a6cb929c1,1612983a5bad9851
1164,775302,49,349,比亚迪,1612977dbb0a3cd1,1612867da1833991
1165,782408,49,372,比亚迪,16123969de3b4761,16121769cb036731
1166,782564,49,338,比亚迪,,
1167,762072,49,374,比亚迪,1612828c995c6081,1612548c7d6a42f1
1168,783776,49,351,比亚迪,16128595a5113cc1,16123995913ddc11
1169,762360,49,20176,比亚迪,16121095dc57fd71,16124895ca7b8bb1
1170,776226,49,379,比亚迪,161273a8e2f2fd41,161279a8d7521bd1
1171,780999,49,351,比亚迪,161239c067cae851,161248c044118521
1172,779899,49,20176,比亚迪,161244d6b8132951,161236d69c42fd51
1173,785613,49,378,比亚迪,161257e7f8f2ac71,161238e7e68e67a1
1174,776982,49,374,比亚迪,16123925552ad8c1,1612112550b05841
1175,762132,49,353,比亚迪,16122639242e3d71,16124139021eb3d1
1176,776837,49,358,比亚迪,161268655bbce201,16121165456dbcf1
1177,785423,49,349,比亚迪,16121989041fa661,16125088a563d601
1178,781272,49,338,比亚迪,1612631da1211791,1612301d98116d11
1179,783633,49,374,比亚迪,161249eec2942291,161253eec8bda051
1180,786863,49,378,比亚迪,1612900003c26c71,161295ffe98f4de1
1181,786061,49,338,比亚迪,16129647e365adf1,16126647bab9ed91
1182,785879,49,20176,比亚迪,,
1183,721007,49,349,比亚迪,1612200d2c96c541,1612570d4f161661
1184,773861,49,338,比亚迪,1612207e81e19771,1612307e6e1d7051
1185,786370,49,374,比亚迪,1612238d69df4201,1612158d37e82c21
1186,787068,49,379,比亚迪,16126696ac56fc21,1612389641472b51
1187,787302,49,338,比亚迪,161232adca6076d1,161215adaf460831
1188,720187,49,374,比亚迪,161257c6cf4de371,161272c6c95394f1
1189,475975,49,338,比亚迪,1612574a0b2a06e1,16121249c9cd1b11
1190,784381,49,338,比亚迪,170189c420b47bb1,170166c4204371f1
1191,726465,49,374,比亚迪,1701202031a0aed1,170197202b303481
1192,780421,49,379,比亚迪,1701547b4cf03bd1,1701767b4be4a9f1
1193,787451,49,378,比亚迪,170195af0b88a9f1,170110aeeb0f8881
1194,786590,49,374,比亚迪,170183ccaacf20b1,170165cca309d0a1
1195,783432,49,374,比亚迪,170122e29b5e0a01,170184e282188d21
1196,787835,49,358,比亚迪,1701960049e2bbe1,1701780065bb4f91
1197,786655,49,338,比亚迪,1701950becd27fd1,1701410c32d43231
1198,544344,49,1309,比亚迪,17016419f49f5031,17016119d810af61
1199,788709,49,379,比亚迪,1701361eb74a4ec1,1701521eb09ec4d1
1200,540891,49,349,比亚迪,1701813ce5081c51,1701273ccf1b28d1
1201,788275,49,20176,比亚迪,1701636db26b2201,1701366d9591bc31
1202,785647,49,374,比亚迪,170181a72c25fd91,170133a719bae1f1
1203,788894,49,358,比亚迪,170180ec1c7cd471,170124ec016895a1
1204,788257,49,338,比亚迪,1701277b3bd9eca1,1701127b35d16ae1
1205,785883,49,378,比亚迪,1701568e7ae65461,1701718e5d3430b1
1206,787919,49,338,比亚迪,170129b494786891,170179b490b49711
1207,789792,49,374,比亚迪,17018454c0857a11,17011354fee36881
1208,788248,49,374,比亚迪,1701503dfb2f14a1,1701993df1591521
1209,749419,49,379,比亚迪,170151551a637b41,1701665515da0961
1210,788598,49,379,比亚迪,17012196bfa5b181,17019096b6775861
1211,787230,49,20176,比亚迪,170135c985355751,170197c980b8c0c1
1212,744092,49,342,比亚迪,170169bd04057b81,170120bcedd46161
1213,787061,49,379,比亚迪,170126be63ce0381,170137be48818a71
1214,785229,49,352,比亚迪,170133c81649c211,170117c80c0f08d1
1215,761019,49,374,比亚迪,170189ce5d201d71,170143ce78f3be91
1216,788328,49,20176,比亚迪,170177e0955a9531,170112e0912fc341
1217,764345,49,378,比亚迪,17015623be0931e1,17019623b63fa411
1218,748679,49,379,比亚迪,1701134184aa2001,17017941ba1bcd71
1219,789821,49,358,比亚迪,17015162ef2536a1,17015562db2e1b81
1220,771745,49,374,比亚迪,1701887db39335f1,1701187da5d6c531
1221,771856,49,379,比亚迪,170173cc647319e1,170115cc463f3f41
1222,772665,49,349,比亚迪,1701871b609bc4d1,1701641b57ebc971
1223,787913,49,350,比亚迪,1701781414bbd401,1701311400ab9661
1224,760229,49,338,比亚迪,17013260cb960dc1,17015160b0d36751
1225,110201,49,338,比亚迪,1701643b30da5f01,1701393b15c8bfd1
1226,441638,49,374,比亚迪,170199a100a10d91,170154a0e5b9a531
1227,790579,49,374,比亚迪,1701744147b9b711,170136413ecddae1
1228,789872,49,378,比亚迪,1701335b06a04441,1701345afeb1bd81
1229,692479,49,352,比亚迪,1701435c5f9367b1,1701545c59cdfb71
1230,784892,49,20176,比亚迪,170178956ae6e791,1701339566213f81
1231,790672,49,374,比亚迪,170188aedfda9101,170136aed93fa6f1
1232,780445,49,352,比亚迪,170130f5948afcc1,170128f589316791
1233,791255,49,374,比亚迪,17019623004ddbe1,17018122fae5d391
1234,788800,49,352,比亚迪,170156dbb545e401,170188dba3967251
1235,169596,49,353,比亚迪,170120f7bd4ba101,170177f7b54918b1
1236,746472,49,358,比亚迪,,
1237,790352,49,374,比亚迪,170114a081db3db1,170178a079bd8a21
1238,789413,49,374,比亚迪,170255242b5f19d1,17021024146b80f1
1239,98818,49,358,比亚迪,1702763639dfe721,170252364e908f61
1240,633241,49,338,比亚迪,17026930d17ab8d1,17027830bd6c1e71
1241,790288,49,352,比亚迪,1702787de8b9fb01,1702727de554f331
1242,782101,49,1309,比亚迪,170236467bc52d51,170254464c747ae1
1243,792452,49,349,比亚迪,17029922b83b8511,170296229dce1e91
1244,788868,49,20206,比亚迪,1702488157931bf1,1702978155402ca1
1245,794532,49,349,比亚迪,170260750a665081,17026674eec439d1
1246,783379,49,20182,比亚迪,170297bd7a23a111,170224bd46122dd1
1247,794756,49,378,比亚迪,1702163ab2af1651,1702863acb83bbc1
1248,788343,49,374,比亚迪,1702296a4e200991,1702596a719dfcf1
1249,796040,49,352,比亚迪,1703565ff26a7ff1,170336600a7e85f1
1250,796535,49,378,比亚迪,17033411c8dde941,17034711c362f711
1251,794462,49,20165,比亚迪,170376f36d900121,170334f33da41d11
1252,796185,49,20144,比亚迪,170320e63809a281,170320e62d79bac1
1253,797618,49,378,比亚迪,1703642b9eebd5c1,1703332b9ac9b411
1254,795621,49,20176,比亚迪,1703600d0fbee151,1703590cf0ba2911
1255,796509,49,353,比亚迪,170385efd8779621,170388efbeb45ee1
1256,799425,49,20144,比亚迪,1703391c463f6901,1703811c29ee6071
1257,800001,49,338,比亚迪,170348445f668121,170355445c4bf061
1258,798819,49,338,比亚迪,1703498d5de90471,1703518add834a71
1259,775622,49,338,比亚迪,170363d61d482921,170316d6165856c1
1260,796700,49,379,比亚迪,17037615143f8751,1703154f784c6a51
1261,771832,49,20144,比亚迪,170332e9cc69b031,170351e9c4267a91
1262,800083,49,378,比亚迪,1703241c15419081,1703121c106bff11
1263,795518,49,377,比亚迪,17037597b60b7fb1,17032497b015f8d1
1264,802206,49,20206,比亚迪,,
1265,800095,49,379,比亚迪,1703873d03ee4461,1703183cfb199351
1266,801877,49,374,比亚迪,170349422218f161,1703964217aff221
1267,796071,49,377,比亚迪,1703556cd889cbb1,1703766cd479aad1
1268,786007,49,1309,比亚迪,1703659964e86041,17038299b13837e1
1269,798459,49,338,比亚迪,170377fd2657fb51,170334fd3d7973e1
1270,801289,49,351,比亚迪,17036450940a2991,170361508898c871
1271,803444,49,351,比亚迪,170378f9d0458f31,170397f9d0543fd1
1272,787496,49,379,比亚迪,17038524859ab751,17032624742d28b1
1273,789090,49,374,比亚迪,17045417a4302c51,170467179d028551
1274,802825,49,20144,比亚迪,1704622af44cd651,1704912adda86e21
1275,798182,49,20144,比亚迪,1704666c859a8801,1704706c4be16341
1276,800414,49,379,比亚迪,1704309c8e85c371,1704309c7e3c1061
1277,793765,49,338,比亚迪,170498b31a93d4b1,170474b316083d51
1278,801829,49,358,比亚迪,1704305decbfedb1,1704515dde85b0d1
1279,800240,49,338,比亚迪,,
1280,753004,49,338,比亚迪,170421b1f962fbd1,170427b1e6853bf1
1281,789574,49,379,比亚迪,170481e44c42f541,170493e42e470f81
1282,789574,49,379,比亚迪,,170439e42e4deb81
1283,783460,49,379,比亚迪,170456bbebc228c1,170410bbc0ecf6f1
1284,789100,49,20165,比亚迪,17047401913e73c1,170440016e315cd1
1285,800821,49,20206,比亚迪,17045381d7dcd1b1,17042681bcb9f9c1
1286,802300,49,352,比亚迪,170470b66cd0dff1,170469b65355e331
1287,780377,49,338,比亚迪,170484aaaa14e501,170448aa75ebac61
1288,792640,49,349,比亚迪,1704404d613fb9a1,1704384d4ff1d2e1
1289,796139,49,374,比亚迪,1704967901865ad1,17044478f9e92901
1290,803928,49,20144,比亚迪,17049597f3ad4e31,17048997d8dd33f1
1291,797575,49,20182,比亚迪,170436a0753fb821,170454a03b25ac61
1292,804071,49,20144,比亚迪,17048660372f3f61,1704926019bb3821
1293,795492,49,20144,比亚迪,170436905e013991,1704688fa4688661
1294,804802,49,20176,比亚迪,17044449f720ed11,1704814a8bf27ed1
1295,805950,49,338,比亚迪,170438760f504c61,1704337623931dd1
1296,792594,49,338,比亚迪,1704266edc504081,1704266ec75a12a1
1297,806772,49,378,比亚迪,1704491f67079311,1704571f4deef861
1298,792215,49,349,比亚迪,1704185153e24bd1,170481515ecd1421
1299,803786,49,378,比亚迪,170457cee8ba4151,170446cef9168931
1300,795150,49,351,比亚迪,1704802f72092ce1,1704772f6aa882e1
1301,806850,49,352,比亚迪,170438997fda96f1,1704499977ef8b81
1302,794880,49,374,比亚迪,170457e419458dc1,170455e412a49b41
1303,805932,49,378,比亚迪,,
1304,804953,49,379,比亚迪,1704697b69d0c101,1704201876f05a81
1305,789235,49,379,比亚迪,17047994bf83cfb1,17046394a2c4afe1
1306,711356,49,981,比亚迪,1705186bd2d73521,1705756bc17d5e01
1307,791899,49,338,比亚迪,170513d162ac24e1,170535d0d3e03f51
1308,782893,49,379,比亚迪,1705915875bc4541,1705275891848151
1309,809294,49,378,比亚迪,170511430d48c261,17053642f1c477b1
1310,809373,49,338,比亚迪,1705347f2ebc6131,1705367f233f8a91
1311,808129,49,338,比亚迪,17054698de8a9de1,17051698cbc87831
1312,808740,49,981,比亚迪,170515ecf3876511,170536ec95418031
1313,806258,49,981,比亚迪,170595f885b14d31,170545f8c28c14d1
1314,253961,49,338,比亚迪,1705689aee708f21,1705129ad47d6761
1315,807649,49,20144,比亚迪,170526bab2818ff1,170577baa995a931
1316,808137,49,20176,比亚迪,170593176693aec1,170546173b907591
1317,806708,49,20144,比亚迪,170519c0b0a91ad1,170518c0abc193e1
1318,785935,49,379,比亚迪,170565035a625141,17057103408c2a71
1319,810089,49,20176,比亚迪,17051039db39fdc1,17055239b729dc71
1320,810068,49,358,比亚迪,170543c15ce4b921,170517c145242ae1
1321,810071,49,352,比亚迪,170534ea4dc747a1,170575eab3883c01
1322,805223,49,342,比亚迪,17059181ad576601,170555819b8c7841
1323,806114,49,353,比亚迪,17051948e58a1921,17054448d23a1031
1324,722971,49,378,比亚迪,170546587a8719e1,17053758689d57b1
1325,799082,49,379,比亚迪,170542ab69953fb1,170572ab57c6e7d1
1326,810960,49,351,比亚迪,170542df4f9347b1,170554db09344e31
1327,811526,49,374,比亚迪,17057746df631ea1,17059646d0a12521
1328,803335,49,20176,比亚迪,17053455de846da1,170599574a5c36f1
1329,795309,49,338,比亚迪,170542c594dbd331,170550c57cf2e381
1330,778104,49,374,比亚迪,1705164e50126a61,1705964e4954a521
1331,811252,49,349,比亚迪,170667a21ec63a81,170690a2048d3f91
1332,812580,49,378,比亚迪,170636551a790f11,1706235501130e71
1333,813373,49,378,比亚迪,,
1334,790902,49,338,比亚迪,170635c050016401,170695c03b9696e1
1335,812159,49,379,比亚迪,170667da4814e4d1,170625da42813311
1336,809859,49,374,比亚迪,170670d98217ec51,170654d921b9f571
1337,815651,49,20144,比亚迪,1706192c282fc4f1,1706972c216fb621
1338,815904,49,378,比亚迪,17065160368577d1,170697601226bf01
1339,774041,49,374,比亚迪,170794b362c313c1,170749b35c5011a1
1340,813080,49,379,比亚迪,1707519e7ae736d1,1707619e6df12331
1341,810144,49,379,比亚迪,17078407a8558161,170764079f2f9941
1342,816712,49,358,比亚迪,17075110dc3bf521,17074110c3213051
1343,816912,49,374,比亚迪,17075007d098b081,17071507ee614281
1344,781591,49,374,比亚迪,1707880ff815e511,1707600fed99d471
